DateTime,CLOSE
2006/11/17,115.4592
2006/11/20,115.3862
2006/11/21,115.444
2006/11/22,115.4642
2006/11/23,115.3804
2006/11/24,115.3716
2006/11/27,115.3606
2006/11/28,115.4306
2006/11/29,115.3954
2006/11/30,115.4292
2006/12/1,115.4648
2006/12/4,115.369
2006/12/5,115.3481
2006/12/6,115.3518
2006/12/7,115.3064
2006/12/8,115.1634
2006/12/11,115.1958
2006/12/12,115.262
2006/12/13,115.2138
2006/12/14,115.2107
2006/12/15,115.279
2006/12/18,115.2476
2006/12/19,115.2829
2006/12/20,115.2723
2006/12/21,115.259
2006/12/22,115.2643
2006/12/25,115.1286
2006/12/26,115.1435
2006/12/27,115.1813
2006/12/28,115.2945
2006/12/29,115.158
2007/1/4,115.0601
2007/1/5,115.3002
2007/1/8,115.2616
2007/1/9,115.2876
2007/1/10,115.3646
2007/1/11,115.3191
2007/1/12,115.3117
2007/1/15,115.3195
2007/1/16,115.3464
2007/1/17,115.4031
2007/1/18,115.3093
2007/1/19,115.3429
2007/1/22,115.334
2007/1/23,115.3358
2007/1/24,115.2594
2007/1/25,115.2902
2007/1/26,115.2406
2007/1/29,115.2844
2007/1/30,115.3013
2007/1/31,115.2256
2007/2/1,115.2361
2007/2/2,115.2287
2007/2/5,115.1959
2007/2/6,115.1476
2007/2/7,115.1571
2007/2/8,115.1408
2007/2/9,115.1661
2007/2/12,115.0967
2007/2/13,115.1138
2007/2/14,115.1118
2007/2/15,115.1343
2007/2/16,115.1289
2007/2/26,115.103
2007/2/27,115.0866
2007/2/28,115.0771
2007/3/1,115.077
2007/3/2,115.0895
2007/3/5,114.9949
2007/3/6,115.0362
2007/3/7,115.124
2007/3/8,115.0915
2007/3/9,115.063
2007/3/12,115.0916
2007/3/13,115.0594
2007/3/14,115.0979
2007/3/15,115.1004
2007/3/16,115.0695
2007/3/19,114.9528
2007/3/20,114.9763
2007/3/21,114.8925
2007/3/22,114.8688
2007/3/23,114.8857
2007/3/26,114.7885
2007/3/27,114.7957
2007/3/28,114.886
2007/3/29,114.7849
2007/3/30,114.8883
2007/4/2,114.8014
2007/4/3,114.8656
2007/4/4,114.8496
2007/4/5,114.8411
2007/4/6,114.8129
2007/4/9,114.7856
2007/4/10,114.7063
2007/4/11,114.6752
2007/4/12,114.6603
2007/4/13,114.6581
2007/4/16,114.6329
2007/4/17,114.5835
2007/4/18,114.5814
2007/4/19,114.5501
2007/4/20,114.5117
2007/4/23,114.4928
2007/4/24,114.4503
2007/4/25,114.4253
2007/4/26,114.4359
2007/4/27,114.5058
2007/4/30,114.5813
2007/5/8,114.5393
2007/5/9,114.545
2007/5/10,114.4835
2007/5/11,114.4524
2007/5/14,114.3933
2007/5/15,114.3481
2007/5/16,114.3463
2007/5/17,114.3061
2007/5/18,114.1762
2007/5/21,114.1664
2007/5/22,113.9054
2007/5/23,113.9078
2007/5/24,113.8553
2007/5/25,113.8559
2007/5/28,113.8596
2007/5/29,113.9421
2007/5/30,113.8568
2007/5/31,113.8235
2007/6/1,113.8222
2007/6/4,113.8597
2007/6/5,113.9705
2007/6/6,113.9308
2007/6/7,113.8863
2007/6/8,113.8568
2007/6/11,113.8078
2007/6/12,113.7868
2007/6/13,113.602
2007/6/14,113.5605
2007/6/15,113.4873
2007/6/18,113.4876
2007/6/19,113.4333
2007/6/20,113.5234
2007/6/21,113.4904
2007/6/22,113.5169
2007/6/25,113.3714
2007/6/26,113.4313
2007/6/27,113.3812
2007/6/28,113.4611
2007/6/29,113.3281
2007/7/2,113.3974
2007/7/3,113.2871
2007/7/4,113.3249
2007/7/5,113.323
2007/7/6,113.3077
2007/7/9,113.2571
2007/7/10,113.2364
2007/7/11,113.2211
2007/7/12,113.1569
2007/7/13,113.1208
2007/7/16,113.1823
2007/7/17,113.1058
2007/7/18,113.1582
2007/7/19,113.0945
2007/7/20,113.0995
2007/7/23,113.2112
2007/7/24,113.0674
2007/7/25,113.2269
2007/7/26,113.2304
2007/7/27,113.2732
2007/7/30,113.2846
2007/7/31,113.311
2007/8/1,113.3004
2007/8/2,113.2779
2007/8/3,113.2872
2007/8/6,113.2854
2007/8/7,113.3011
2007/8/8,113.2592
2007/8/9,113.2927
2007/8/10,113.2504
2007/8/13,113.2309
2007/8/14,113.2374
2007/8/15,113.2486
2007/8/16,113.256
2007/8/17,113.2501
2007/8/20,113.248
2007/8/21,113.2838
2007/8/22,113.2965
2007/8/23,113.2519
2007/8/24,113.2681
2007/8/27,113.3897
2007/8/28,113.3661
2007/8/29,113.3072
2007/8/30,113.3135
2007/8/31,113.3173
2007/9/3,113.3478
2007/9/4,113.3057
2007/9/5,113.3202
2007/9/6,113.3296
2007/9/7,113.2815
2007/9/10,113.2602
2007/9/11,113.2101
2007/9/12,113.246
2007/9/13,113.152
2007/9/14,113.0252
2007/9/17,112.851
2007/9/18,112.934
2007/9/19,112.9125
2007/9/20,112.8527
2007/9/21,112.7945
2007/9/24,112.9774
2007/9/25,112.9182
2007/9/26,113.019
2007/9/27,113.1211
2007/9/28,113.1848
2007/10/8,113.184
2007/10/9,113.1672
2007/10/10,113.2368
2007/10/11,113.1718
2007/10/12,113.1865
2007/10/15,113.1512
2007/10/16,113.1259
2007/10/17,113.0475
2007/10/18,113.0007
2007/10/19,112.9609
2007/10/22,112.8257
2007/10/23,112.8454
2007/10/24,112.901
2007/10/25,112.9425
2007/10/26,112.8732
2007/10/29,112.8995
2007/10/30,112.9013
2007/10/31,112.9436
2007/11/1,112.8802
2007/11/2,112.8436
2007/11/5,112.7641
2007/11/6,112.6726
2007/11/7,112.5754
2007/11/8,112.2936
2007/11/9,112.2474
2007/11/12,112.1638
2007/11/13,112.1059
2007/11/14,112.073
2007/11/15,112.0805
2007/11/16,112.0535
2007/11/19,112.0571
2007/11/20,112.0707
2007/11/21,112.0963
2007/11/22,112.148
2007/11/23,112.1634
2007/11/26,112.2054
2007/11/27,112.2089
2007/11/28,112.2265
2007/11/29,112.2633
2007/11/30,112.2489
2007/12/3,112.2221
2007/12/4,112.2476
2007/12/5,112.2599
2007/12/6,112.2978
2007/12/7,112.3365
2007/12/10,112.3029
2007/12/11,112.3141
2007/12/12,112.3041
2007/12/13,112.2676
2007/12/14,112.298
2007/12/17,112.3587
2007/12/18,112.3915
2007/12/19,112.3542
2007/12/20,112.3562
2007/12/21,112.3763
2007/12/24,112.4089
2007/12/25,112.3893
2007/12/26,112.4086
2007/12/27,112.3953
2007/12/28,112.4224
2008/1/2,112.454
2008/1/3,112.4139
2008/1/4,112.4646
2008/1/7,112.4545
2008/1/8,112.5161
2008/1/9,112.5393
2008/1/10,112.5424
2008/1/11,112.5731
2008/1/14,112.5274
2008/1/15,112.5389
2008/1/16,112.5347
2008/1/17,112.5455
2008/1/18,112.6164
2008/1/21,112.5709
2008/1/22,112.5565
2008/1/23,112.5963
2008/1/24,112.6543
2008/1/25,112.7123
2008/1/28,112.7467
2008/1/29,112.7826
2008/1/30,112.8298
2008/1/31,112.8083
2008/2/1,112.9943
2008/2/4,113.0962
2008/2/5,113.0841
2008/2/13,113.1374
2008/2/14,113.1266
2008/2/15,113.1574
2008/2/18,113.1362
2008/2/19,113.0782
2008/2/20,113.0837
2008/2/21,113.0976
2008/2/22,113.1203
2008/2/25,113.1252
2008/2/26,113.1418
2008/2/27,113.1978
2008/2/28,113.1526
2008/2/29,113.1749
2008/3/3,113.1622
2008/3/4,113.1661
2008/3/5,113.1584
2008/3/6,113.1615
2008/3/7,113.2035
2008/3/10,113.2091
2008/3/11,113.2132
2008/3/12,113.2288
2008/3/13,113.2254
2008/3/14,113.242
2008/3/17,113.2626
2008/3/18,113.2746
2008/3/19,113.2851
2008/3/20,113.2827
2008/3/21,113.3152
2008/3/24,113.3173
2008/3/25,113.3258
2008/3/26,113.3618
2008/3/27,113.3772
2008/3/28,113.3534
2008/3/31,113.4395
2008/4/1,113.3749
2008/4/2,113.3365
2008/4/3,113.4115
2008/4/7,113.4189
2008/4/8,113.4392
2008/4/9,113.4059
2008/4/10,113.3815
2008/4/11,113.3309
2008/4/14,113.3749
2008/4/15,113.346
2008/4/16,113.3723
2008/4/17,113.3924
2008/4/18,113.4108
2008/4/21,113.4182
2008/4/22,113.3935
2008/4/23,113.3855
2008/4/24,113.4134
2008/4/25,113.3873
2008/4/28,113.3791
2008/4/29,113.3798
2008/4/30,113.3941
2008/5/5,113.3906
2008/5/6,113.3866
2008/5/7,113.3788
2008/5/8,113.3814
2008/5/9,113.3928
2008/5/12,113.3986
2008/5/13,113.39
2008/5/14,113.3939
2008/5/15,113.3915
2008/5/16,113.3817
2008/5/19,113.3669
2008/5/20,113.3701
2008/5/21,113.3751
2008/5/22,113.3867
2008/5/23,113.372
2008/5/26,113.3774
2008/5/27,113.3775
2008/5/28,113.4076
2008/5/29,113.4403
2008/5/30,113.4327
2008/6/2,113.4272
2008/6/3,113.3911
2008/6/4,113.384
2008/6/5,113.3828
2008/6/6,113.3829
2008/6/10,113.2511
2008/6/11,113.2537
2008/6/12,113.1951
2008/6/13,113.2085
2008/6/16,113.2298
2008/6/17,113.2265
2008/6/18,113.2346
2008/6/19,113.2387
2008/6/20,113.1965
2008/6/23,113.1988
2008/6/24,113.2309
2008/6/25,113.1906
2008/6/26,113.1522
2008/6/27,113.1459
2008/6/30,113.0211
2008/7/1,113.0974
2008/7/2,113.1052
2008/7/3,113.0308
2008/7/4,112.9923
2008/7/7,112.9868
2008/7/8,112.9956
2008/7/9,113.0001
2008/7/10,113.0251
2008/7/11,113.0445
2008/7/14,113.0502
2008/7/15,113.024
2008/7/16,113.068
2008/7/17,113.0632
2008/7/18,113.0581
2008/7/21,113.0455
2008/7/22,113.0482
2008/7/23,113.077
2008/7/24,113.0286
2008/7/25,113.0153
2008/7/28,113.0437
2008/7/29,113.0409
2008/7/30,113.0485
2008/7/31,113.0492
2008/8/1,113.0228
2008/8/4,113.015
2008/8/5,113.0203
2008/8/6,113.0279
2008/8/7,113.0133
2008/8/8,113.0228
2008/8/11,113.0242
2008/8/12,113.0429
2008/8/13,113.0454
2008/8/14,113.0954
2008/8/15,113.1025
2008/8/18,113.136
2008/8/19,113.1652
2008/8/20,113.1637
2008/8/21,113.18
2008/8/22,113.1959
2008/8/25,113.2399
2008/8/26,113.2919
2008/8/27,113.2787
2008/8/28,113.313
2008/8/29,113.3268
2008/9/1,113.3881
2008/9/2,113.4563
2008/9/3,113.4558
2008/9/4,113.46
2008/9/5,113.4536
2008/9/8,113.474
2008/9/9,113.5457
2008/9/10,113.5972
2008/9/11,113.6489
2008/9/12,113.6797
2008/9/16,113.969
2008/9/17,114.2188
2008/9/18,114.1862
2008/9/19,114.141
2008/9/22,114.0652
2008/9/23,113.9877
2008/9/24,113.9918
2008/9/25,113.9662
2008/9/26,113.9995
2008/10/6,113.9578
2008/10/7,114.0639
2008/10/8,114.2521
2008/10/9,114.8
2008/10/10,115.0893
2008/10/13,115.0405
2008/10/14,114.92
2008/10/15,114.954
2008/10/16,114.9867
2008/10/17,114.9627
2008/10/20,114.952
2008/10/21,114.9733
2008/10/22,114.9334
2008/10/23,114.9291
2008/10/24,114.9556
2008/10/27,114.9625
2008/10/28,115.0553
2008/10/29,115.0694
2008/10/30,115.2438
2008/10/31,115.2481
2008/11/3,115.2822
2008/11/4,115.3304
2008/11/5,115.35
2008/11/6,115.4664
2008/11/7,115.6137
2008/11/10,115.6816
2008/11/11,115.7112
2008/11/12,115.7216
2008/11/13,115.8655
2008/11/14,115.8793
2008/11/17,115.8162
2008/11/18,115.888
2008/11/19,115.874
2008/11/20,115.8043
2008/11/21,115.8696
2008/11/24,115.8205
2008/11/25,115.8129
2008/11/26,115.8444
2008/11/27,116.3676
2008/11/28,116.4132
2008/12/1,116.3383
2008/12/2,116.3769
2008/12/3,116.4819
2008/12/4,116.6829
2008/12/5,117.2034
2008/12/8,117.1895
2008/12/9,117.2111
2008/12/10,117.2047
2008/12/11,117.2436
2008/12/12,117.2659
2008/12/15,117.2589
2008/12/16,117.3432
2008/12/17,117.4943
2008/12/18,117.6836
2008/12/19,117.6486
2008/12/22,117.6541
2008/12/23,117.6658
2008/12/24,117.7088
2008/12/25,117.6802
2008/12/26,117.7025
2008/12/29,117.6598
2008/12/30,117.6785
2008/12/31,117.6568
2009/1/5,117.637
2009/1/6,117.653
2009/1/7,117.7086
2009/1/8,117.7452
2009/1/9,117.7873
2009/1/12,117.7655
2009/1/13,117.7558
2009/1/14,117.7052
2009/1/15,117.6188
2009/1/16,117.3894
2009/1/19,117.3668
2009/1/20,117.329
2009/1/21,117.2462
2009/1/22,117.288
2009/1/23,117.3657
2009/2/2,117.2493
2009/2/3,117.1866
2009/2/4,116.9841
2009/2/5,116.8753
2009/2/6,116.8162
2009/2/9,116.8854
2009/2/10,116.8612
2009/2/11,116.8853
2009/2/12,116.9327
2009/2/13,116.977
2009/2/16,117.0347
2009/2/17,116.9892
2009/2/18,116.9714
2009/2/19,116.993
2009/2/20,117.0234
2009/2/23,117.0131
2009/2/24,117.0486
2009/2/25,117.0635
2009/2/26,117.1047
2009/2/27,117.0821
2009/3/2,117.072
2009/3/3,117.1013
2009/3/4,117.0837
2009/3/5,117.0935
2009/3/6,117.1135
2009/3/9,117.1178
2009/3/10,117.1287
2009/3/11,117.127
2009/3/12,117.1327
2009/3/13,117.1003
2009/3/16,117.1136
2009/3/17,117.1417
2009/3/18,117.1562
2009/3/19,117.1468
2009/3/20,117.134
2009/3/23,117.1804
2009/3/24,117.1782
2009/3/25,117.1818
2009/3/26,117.1413
2009/3/27,117.1247
2009/3/30,117.1479
2009/3/31,117.1942
2009/4/1,117.1325
2009/4/2,117.1574
2009/4/3,117.1346
2009/4/7,117.0438
2009/4/8,117.0375
2009/4/9,117.0421
2009/4/10,117.0206
2009/4/13,117.0164
2009/4/14,117.0695
2009/4/15,116.9807
2009/4/16,116.9693
2009/4/17,116.9748
2009/4/20,116.9701
2009/4/21,116.9737
2009/4/22,117.0091
2009/4/23,116.9748
2009/4/24,116.9732
2009/4/27,116.9842
2009/4/28,116.9518
2009/4/29,116.9913
2009/4/30,116.9587
2009/5/4,116.9195
2009/5/5,116.9161
2009/5/6,116.9055
2009/5/7,116.8927
2009/5/8,116.9376
2009/5/11,117.0108
2009/5/12,117.0469
2009/5/13,117.0906
2009/5/14,117.1274
2009/5/15,117.1249
2009/5/18,117.1409
2009/5/19,117.1771
2009/5/20,117.1713
2009/5/21,117.1352
2009/5/22,117.1146
2009/5/25,117.0968
2009/5/26,117.0664
2009/5/27,117.0158
2009/6/1,117.0459
2009/6/2,117.0254
2009/6/3,117.0235
2009/6/4,116.9922
2009/6/5,116.986
2009/6/8,116.9556
2009/6/9,116.9343
2009/6/10,116.928
2009/6/11,116.9167
2009/6/12,116.9221
2009/6/15,116.9063
2009/6/16,116.8995
2009/6/17,116.9007
2009/6/18,116.8596
2009/6/19,116.857
2009/6/22,116.8717
2009/6/23,116.8261
2009/6/24,116.8195
2009/6/25,116.802
2009/6/26,116.7667
2009/6/29,116.7784
2009/6/30,116.8141
2009/7/1,116.7916
2009/7/2,116.7877
2009/7/3,116.7863
2009/7/6,116.7292
2009/7/7,116.6854
2009/7/8,116.6356
2009/7/9,116.3861
2009/7/10,116.0931
2009/7/13,116.0639
2009/7/14,116.0624
2009/7/15,115.9624
2009/7/16,115.7226
2009/7/17,115.5102
2009/7/20,115.41
2009/7/21,115.4736
2009/7/22,115.4768
2009/7/23,115.516
2009/7/24,115.4493
2009/7/27,115.4642
2009/7/28,115.4671
2009/7/29,115.4613
2009/7/30,115.4538
2009/7/31,115.4347
2009/8/3,115.4273
2009/8/4,115.4389
2009/8/5,115.4666
2009/8/6,115.4511
2009/8/7,115.4777
2009/8/10,115.4581
2009/8/11,115.4571
2009/8/12,115.4738
2009/8/13,115.4948
2009/8/14,115.4709
2009/8/17,115.4614
2009/8/18,115.4564
2009/8/19,115.4776
2009/8/20,115.506
2009/8/21,115.5115
2009/8/24,115.5005
2009/8/25,115.5373
2009/8/26,115.4949
2009/8/27,115.4922
2009/8/28,115.5214
2009/8/31,115.5477
2009/9/1,115.4912
2009/9/2,115.5902
2009/9/3,115.5664
2009/9/4,115.5995
2009/9/7,115.6001
2009/9/8,115.6182
2009/9/9,115.6215
2009/9/10,115.6129
2009/9/11,115.6081
2009/9/14,115.5939
2009/9/15,115.596
2009/9/16,115.6177
2009/9/17,115.5846
2009/9/18,115.564
2009/9/21,115.5359
2009/9/22,115.5261
2009/9/23,115.5735
2009/9/24,115.5796
2009/9/25,115.5562
2009/9/28,115.5782
2009/9/29,115.5618
2009/9/30,115.5294
2009/10/9,115.5224
2009/10/12,115.4966
2009/10/13,115.4244
2009/10/14,115.3841
2009/10/15,115.3143
2009/10/16,115.2667
2009/10/19,115.2907
2009/10/20,115.3176
2009/10/21,115.3448
2009/10/22,115.3539
2009/10/23,115.3418
2009/10/26,115.3339
2009/10/27,115.3396
2009/10/28,115.3029
2009/10/29,115.3159
2009/10/30,115.3249
2009/11/2,115.3188
2009/11/3,115.2746
2009/11/4,115.323
2009/11/5,115.315
2009/11/6,115.3176
2009/11/9,115.309
2009/11/10,115.2865
2009/11/11,115.2833
2009/11/12,115.3082
2009/11/13,115.2899
2009/11/16,115.2828
2009/11/17,115.3005
2009/11/18,115.3442
2009/11/19,115.3347
2009/11/20,115.3268
2009/11/23,115.3299
2009/11/24,115.3345
2009/11/25,115.3377
2009/11/26,115.3679
2009/11/27,115.3678
2009/11/30,115.3939
2009/12/1,115.3903
2009/12/2,115.3613
2009/12/3,115.3592
2009/12/4,115.3197
2009/12/7,115.3977
2009/12/8,115.3493
2009/12/9,115.3606
2009/12/10,115.295
2009/12/11,115.2846
2009/12/14,115.3201
2009/12/15,115.2831
2009/12/16,115.3197
2009/12/17,115.3487
2009/12/18,115.2616
2009/12/21,115.281
2009/12/22,115.2538
2009/12/23,115.2134
2009/12/24,115.2274
2009/12/25,115.2202
2009/12/28,115.2326
2009/12/29,115.2338
2009/12/30,115.2125
2009/12/31,115.219
2010/1/4,115.1924
2010/1/5,115.1741
2010/1/6,115.1782
2010/1/7,115.134
2010/1/8,115.1282
2010/1/11,115.1384
2010/1/12,115.0355
2010/1/13,114.9353
2010/1/14,114.9703
2010/1/15,114.9597
2010/1/18,114.9857
2010/1/19,114.9078
2010/1/20,114.9691
2010/1/21,114.9662
2010/1/22,114.9274
2010/1/25,114.9288
2010/1/26,114.9285
2010/1/27,115.0062
2010/1/28,114.9438
2010/1/29,114.9592
2010/2/1,114.9154
2010/2/2,114.9383
2010/2/3,114.9165
2010/2/4,114.907
2010/2/5,114.9375
2010/2/8,114.9325
2010/2/9,114.9327
2010/2/10,114.9558
2010/2/11,114.941
2010/2/12,114.933
2010/2/22,114.8696
2010/2/23,114.8696
2010/2/24,114.8733
2010/2/25,114.8994
2010/2/26,114.9509
2010/3/1,115.0041
2010/3/2,115.077
2010/3/3,115.1038
2010/3/4,115.1184
2010/3/5,115.0968
2010/3/8,115.1463
2010/3/9,115.1251
2010/3/10,115.118
2010/3/11,115.1082
2010/3/12,115.1178
2010/3/15,115.0991
2010/3/16,115.1776
2010/3/17,115.1725
2010/3/18,115.2166
2010/3/19,115.2087
2010/3/22,115.2008
2010/3/23,115.192
2010/3/24,115.1616
2010/3/25,115.1946
2010/3/26,115.1959
2010/3/29,115.1701
2010/3/30,115.1404
2010/3/31,115.131
2010/4/1,115.0977
2010/4/2,115.0896
2010/4/6,115.0788
2010/4/7,115.0155
2010/4/8,114.9645
2010/4/9,114.9204
2010/4/12,114.9314
2010/4/13,114.9392
2010/4/14,114.95
2010/4/15,114.9267
2010/4/16,114.9721
2010/4/19,114.9822
2010/4/20,114.9971
2010/4/21,115.0143
2010/4/22,114.9967
2010/4/23,115.0787
2010/4/26,115.0944
2010/4/27,115.0992
2010/4/28,115.1237
2010/4/29,115.1415
2010/4/30,115.1404
2010/5/4,115.0709
2010/5/5,115.0526
2010/5/6,115.0594
2010/5/7,115.0274
2010/5/10,115.0518
2010/5/11,115.0206
2010/5/12,115.0295
2010/5/13,115.0229
2010/5/14,115.0163
2010/5/17,115.0044
2010/5/18,115.024
2010/5/19,115.0165
2010/5/20,115.0407
2010/5/21,115.0145
2010/5/24,114.9731
2010/5/25,114.9681
2010/5/26,114.953
2010/5/27,114.952
2010/5/28,114.9377
2010/5/31,114.9347
2010/6/1,114.8665
2010/6/2,114.8782
2010/6/3,114.8853
2010/6/4,114.8447
2010/6/7,114.8349
2010/6/8,114.8093
2010/6/9,114.772
2010/6/10,114.7673
2010/6/11,114.6782
2010/6/17,114.615
2010/6/18,114.4275
2010/6/21,114.4041
2010/6/22,114.4058
2010/6/23,114.4235
2010/6/24,114.4325
2010/6/25,114.4261
2010/6/28,114.4716
2010/6/29,114.4517
2010/6/30,114.4935
2010/7/1,114.4872
2010/7/2,114.4818
2010/7/5,114.4981
2010/7/6,114.531
2010/7/7,114.5612
2010/7/8,114.5608
2010/7/9,114.5742
2010/7/12,114.5898
2010/7/13,114.6319
2010/7/14,114.6759
2010/7/15,114.6701
2010/7/16,114.6657
2010/7/19,114.6525
2010/7/20,114.6604
2010/7/21,114.6721
2010/7/22,114.6403
2010/7/23,114.6588
2010/7/26,114.6242
2010/7/27,114.6358
2010/7/28,114.6269
2010/7/29,114.6277
2010/7/30,114.6114
2010/8/2,114.6216
2010/8/3,114.6187
2010/8/4,114.6371
2010/8/5,114.6317
2010/8/6,114.6608
2010/8/9,114.6635
2010/8/10,114.6776
2010/8/11,114.6629
2010/8/12,114.6719
2010/8/13,114.6596
2010/8/16,114.668
2010/8/17,114.6665
2010/8/18,114.6771
2010/8/19,114.661
2010/8/20,114.674
2010/8/23,114.679
2010/8/24,114.7065
2010/8/25,114.7059
2010/8/26,114.6884
2010/8/27,114.6807
2010/8/30,114.6753
2010/8/31,114.6804
2010/9/1,114.6874
2010/9/2,114.7156
2010/9/3,114.7245
2010/9/6,114.714
2010/9/7,114.709
2010/9/8,114.6961
2010/9/9,114.6755
2010/9/10,114.6786
2010/9/13,114.6649
2010/9/14,114.6601
2010/9/15,114.6412
2010/9/16,114.646
2010/9/17,114.6471
2010/9/20,114.627
2010/9/21,114.6385
2010/9/27,114.6211
2010/9/28,114.621
2010/9/29,114.6414
2010/9/30,114.609
2010/10/8,114.638
2010/10/11,114.6034
2010/10/12,114.5999
2010/10/13,114.5989
2010/10/14,114.6019
2010/10/15,114.6019
2010/10/18,114.586
2010/10/19,114.5853
2010/10/20,114.2341
2010/10/21,114.1673
2010/10/22,114.158
2010/10/25,114.1359
2010/10/26,114.1257
2010/10/27,114.0734
2010/10/28,114.1106
2010/10/29,114.1222
2010/11/1,114.1773
2010/11/2,114.1187
2010/11/3,114.0735
2010/11/4,114.018
2010/11/5,114.0013
2010/11/8,113.996
2010/11/9,113.9671
2010/11/10,113.8513
2010/11/11,113.6395
2010/11/12,113.5356
2010/11/15,113.4529
2010/11/16,113.3436
2010/11/17,113.3584
2010/11/18,113.3533
2010/11/19,113.3604
2010/11/22,113.16
2010/11/23,113.0796
2010/11/24,112.9485
2010/11/25,112.9193
2010/11/26,112.7747
2010/11/29,112.7573
2010/11/30,112.7544
2010/12/1,112.787
2010/12/2,112.8244
2010/12/3,112.8196
2010/12/6,112.8421
2010/12/7,112.8784
2010/12/8,112.8659
2010/12/9,112.8701
2010/12/10,112.7817
2010/12/13,112.7631
2010/12/14,112.7533
2010/12/15,112.6941
2010/12/16,112.6726
2010/12/17,112.6331
2010/12/20,112.6118
2010/12/21,112.5718
2010/12/22,112.5152
2010/12/23,112.3758
2010/12/24,112.3
2010/12/27,112.0888
2010/12/28,112.0764
2010/12/29,112.1235
2010/12/30,112.1425
2010/12/31,112.1601
2011/1/4,112.2285
2011/1/5,112.3281
2011/1/6,112.4288
2011/1/7,112.505
2011/1/10,112.5621
2011/1/11,112.5813
2011/1/12,112.6467
2011/1/13,112.6698
2011/1/14,112.6697
2011/1/17,112.5956
2011/1/18,112.5471
2011/1/19,112.521
2011/1/20,112.4922
2011/1/21,112.4581
2011/1/24,112.3952
2011/1/25,112.3411
2011/1/26,112.3615
2011/1/27,112.3304
2011/1/28,112.3538
2011/1/31,112.3921
2011/2/1,112.4199
2011/2/9,112.339
2011/2/10,112.3135
2011/2/11,112.2962
2011/2/14,112.3732
2011/2/15,112.4347
2011/2/16,112.4129
2011/2/17,112.4336
2011/2/18,112.4479
2011/2/21,112.3636
2011/2/22,112.3764
2011/2/23,112.3974
2011/2/24,112.4883
2011/2/25,112.4937
2011/2/28,112.5135
2011/3/1,112.492
2011/3/2,112.4934
2011/3/3,112.5172
2011/3/4,112.5367
2011/3/7,112.5547
2011/3/8,112.5364
2011/3/9,112.6679
2011/3/10,112.6575
2011/3/11,112.6713
2011/3/14,112.6661
2011/3/15,112.6868
2011/3/16,112.6873
2011/3/17,112.7187
2011/3/18,112.7051
2011/3/21,112.6971
2011/3/22,112.6997
2011/3/23,112.7452
2011/3/24,112.7517
2011/3/25,112.7425
2011/3/28,112.7189
2011/3/29,112.7259
2011/3/30,112.7255
2011/3/31,112.7089
2011/4/1,112.7538
2011/4/6,112.7654
2011/4/7,112.7564
2011/4/8,112.7661
2011/4/11,112.7959
2011/4/12,112.7988
2011/4/13,112.8698
2011/4/14,112.9007
2011/4/15,112.9159
2011/4/18,112.8824
2011/4/19,112.9025
2011/4/20,112.9041
2011/4/21,112.8899
2011/4/22,112.8706
2011/4/25,112.8711
2011/4/26,112.8531
2011/4/27,112.8813
2011/4/28,112.8593
2011/4/29,112.8785
2011/5/3,112.8824
2011/5/4,112.8911
2011/5/5,112.8851
2011/5/6,112.862
2011/5/9,112.8797
2011/5/10,112.9009
2011/5/11,112.8749
2011/5/12,112.8711
2011/5/13,112.8098
2011/5/16,112.7802
2011/5/17,112.8031
2011/5/18,112.7849
2011/5/19,112.7794
2011/5/20,112.7519
2011/5/23,112.7536
2011/5/24,112.7569
2011/5/25,112.7489
2011/5/26,112.7629
2011/5/27,112.763
2011/5/30,112.765
2011/5/31,112.7706
2011/6/1,112.7758
2011/6/2,112.7436
2011/6/3,112.751
2011/6/7,112.7322
2011/6/8,112.7103
2011/6/9,112.6892
2011/6/10,112.7111
2011/6/13,112.6624
2011/6/14,112.6091
2011/6/15,112.3369
2011/6/16,112.1504
2011/6/17,112.1317
2011/6/20,112.1092
2011/6/21,112.1477
2011/6/22,112.0775
2011/6/23,112.0354
2011/6/24,112.0235
2011/6/27,112.1274
2011/6/28,112.1701
2011/6/29,112.1977
2011/6/30,112.2303
2011/7/1,112.2912
2011/7/4,112.3152
2011/7/5,112.3648
2011/7/6,112.3336
2011/7/7,112.2893
2011/7/8,112.3252
2011/7/11,112.3094
2011/7/12,112.2944
2011/7/13,112.2305
2011/7/14,112.199
2011/7/15,112.2123
2011/7/18,112.2075
2011/7/19,112.1263
2011/7/20,111.9534
2011/7/21,111.7355
2011/7/22,111.7199
2011/7/25,111.7084
2011/7/26,111.6922
2011/7/27,111.7505
2011/7/28,111.7187
2011/7/29,111.7279
2011/8/1,111.7559
2011/8/2,111.7859
2011/8/3,111.7292
2011/8/4,111.7366
2011/8/5,111.7795
2011/8/8,111.8536
2011/8/9,111.9176
2011/8/10,111.9165
2011/8/11,111.9856
2011/8/12,112.0129
2011/8/15,112.015
2011/8/16,111.9907
2011/8/17,111.9785
2011/8/18,111.941
2011/8/19,111.965
2011/8/22,111.9596
2011/8/23,111.9598
2011/8/24,111.9496
2011/8/25,111.9621
2011/8/26,111.9188
2011/8/29,111.6794
2011/8/30,111.4696
2011/8/31,111.4547
2011/9/1,111.5195
2011/9/2,111.5249
2011/9/5,111.5248
2011/9/6,111.5294
2011/9/7,111.3919
2011/9/8,111.4078
2011/9/9,111.4131
2011/9/13,111.4227
2011/9/14,111.3778
2011/9/15,111.3529
2011/9/16,111.3524
2011/9/19,111.3206
2011/9/20,111.332
2011/9/21,111.3768
2011/9/22,111.4644
2011/9/23,111.6833
2011/9/26,111.9058
2011/9/27,111.9195
2011/9/28,111.9129
2011/9/29,111.9666
2011/9/30,111.9718
2011/10/10,112.3485
2011/10/11,112.4805
2011/10/12,112.58
2011/10/13,112.5653
2011/10/14,112.6365
2011/10/17,112.6
2011/10/18,112.6361
2011/10/19,112.6586
2011/10/20,112.695
2011/10/21,112.6681
2011/10/24,112.6438
2011/10/25,112.5556
2011/10/26,112.5871
2011/10/27,112.5966
2011/10/28,112.6197
2011/10/31,112.6504
2011/11/1,112.7811
2011/11/2,112.8243
2011/11/3,112.9055
2011/11/4,112.9403
2011/11/7,112.9876
2011/11/8,113.134
2011/11/9,113.4471
2011/11/10,113.7098
2011/11/11,113.6965
2011/11/14,113.7007
2011/11/15,113.6918
2011/11/16,113.6706
2011/11/17,113.5781
2011/11/18,113.5629
2011/11/21,113.5323
2011/11/22,113.5327
2011/11/23,113.5524
2011/11/24,113.5405
2011/11/25,113.5848
2011/11/28,113.6286
2011/11/29,113.6296
2011/11/30,113.6405
2011/12/1,113.8967
2011/12/2,113.9725
2011/12/5,113.9761
2011/12/6,113.9914
2011/12/7,114.0454
2011/12/8,114.0532
2011/12/9,114.0517
2011/12/12,114.0273
2011/12/13,113.9739
2011/12/14,113.9358
2011/12/15,113.9082
2011/12/16,113.9473
2011/12/19,113.9491
2011/12/20,113.9438
2011/12/21,113.9267
2011/12/22,113.9329
2011/12/23,113.9294
2011/12/26,113.9236
2011/12/27,113.9317
2011/12/28,113.9318
2011/12/29,113.9572
2011/12/30,114.0143
2012/1/4,114.0108
2012/1/5,113.9933
2012/1/6,114.0032
2012/1/9,113.9896
2012/1/10,113.9978
2012/1/11,113.9603
2012/1/12,113.9739
2012/1/13,113.9592
2012/1/16,113.9181
2012/1/17,113.9342
2012/1/18,113.912
2012/1/19,113.9084
2012/1/20,113.937
2012/1/30,113.9847
2012/1/31,113.9765
2012/2/1,113.9428
2012/2/2,113.9276
2012/2/3,113.9223
2012/2/6,113.8987
2012/2/7,113.8994
2012/2/8,113.7665
2012/2/9,113.6729
2012/2/10,113.633
2012/2/13,113.6938
2012/2/14,113.6749
2012/2/15,113.6393
2012/2/16,113.611
2012/2/17,113.575
2012/2/20,113.6892
2012/2/21,113.6444
2012/2/22,113.6368
2012/2/23,113.6326
2012/2/24,113.6463
2012/2/27,113.6285
2012/2/28,113.6096
2012/2/29,113.6075
2012/3/1,113.6355
2012/3/2,113.6347
2012/3/5,113.6272
2012/3/6,113.6432
2012/3/7,113.6528
2012/3/8,113.7185
2012/3/9,113.7216
2012/3/12,113.7633
2012/3/13,113.7585
2012/3/14,113.7346
2012/3/15,113.7156
2012/3/16,113.7412
2012/3/19,113.7543
2012/3/20,113.7385
2012/3/21,113.7397
2012/3/22,113.7311
2012/3/23,113.784
2012/3/26,113.7876
2012/3/27,113.7961
2012/3/28,113.8265
2012/3/29,113.8818
2012/3/30,113.9099
2012/4/5,113.9164
2012/4/6,113.8984
2012/4/9,113.8919
2012/4/10,113.8868
2012/4/11,113.8884
2012/4/12,113.8546
2012/4/13,113.8685
2012/4/16,113.8669
2012/4/17,113.8844
2012/4/18,113.8951
2012/4/19,113.8831
2012/4/20,113.9123
2012/4/23,113.8901
2012/4/24,113.8746
2012/4/25,113.8544
2012/4/26,113.8388
2012/4/27,113.8485
2012/5/2,113.8379
2012/5/3,113.7951
2012/5/4,113.7769
2012/5/7,113.7827
2012/5/8,113.7844
2012/5/9,113.8196
2012/5/10,113.882
2012/5/11,113.9405
2012/5/14,114.1728
2012/5/15,114.4903
2012/5/16,114.6248
2012/5/17,114.5446
2012/5/18,114.5992
2012/5/21,114.5335
2012/5/22,114.5662
2012/5/23,114.578
2012/5/24,114.7536
2012/5/25,114.8548
2012/5/28,114.8908
2012/5/29,114.8975
2012/5/30,114.8516
2012/5/31,114.8945
2012/6/1,115.0023
2012/6/4,115.0148
2012/6/5,114.9761
2012/6/6,114.9458
2012/6/7,114.8865
2012/6/8,115.0577
2012/6/11,115.0287
2012/6/12,114.9548
2012/6/13,114.9016
2012/6/14,114.816
2012/6/15,114.8247
2012/6/18,114.7533
2012/6/19,114.6886
2012/6/20,114.633
2012/6/21,114.6885
2012/6/25,114.6966
2012/6/26,114.7341
2012/6/27,114.7988
2012/6/28,114.8466
2012/6/29,114.8664
2012/7/2,114.8514
2012/7/3,114.8438
2012/7/4,114.8602
2012/7/5,114.8848
2012/7/6,114.9906
2012/7/9,115.0379
2012/7/10,115.0414
2012/7/11,115.0823
2012/7/12,115.1041
2012/7/13,115.0761
2012/7/16,115.072
2012/7/17,115.0907
2012/7/18,115.0645
2012/7/19,115.0229
2012/7/20,115.025
2012/7/23,115.0013
2012/7/24,115.0044
2012/7/25,114.916
2012/7/26,114.843
2012/7/27,114.7897
2012/7/30,114.7973
2012/7/31,114.7563
2012/8/1,114.767
2012/8/2,114.7585
2012/8/3,114.7383
2012/8/6,114.661
2012/8/7,114.471
2012/8/8,114.4292
2012/8/9,114.4309
2012/8/10,114.4566
2012/8/13,114.4283
2012/8/14,114.3862
2012/8/15,114.2702
2012/8/16,114.2464
2012/8/17,114.2286
2012/8/20,114.0829
2012/8/21,113.9996
2012/8/22,113.9191
2012/8/23,113.9183
2012/8/24,113.918
2012/8/27,113.8834
2012/8/28,113.8585
2012/8/29,113.8257
2012/8/30,113.8121
2012/8/31,113.8095
2012/9/3,113.8248
2012/9/4,113.8961
2012/9/5,113.8921
2012/9/6,113.8869
2012/9/7,113.8342
2012/9/10,113.771
2012/9/11,113.7034
2012/9/12,113.5185
2012/9/13,113.4543
2012/9/14,113.3526
2012/9/17,113.2647
2012/9/18,113.3828
2012/9/19,113.3758
2012/9/20,113.3858
2012/9/21,113.4172
2012/9/24,113.4479
2012/9/25,113.5235
2012/9/26,113.6116
2012/9/27,113.6377
2012/9/28,113.6424
2012/10/8,113.6214
2012/10/9,113.6188
2012/10/10,113.6082
2012/10/11,113.6188
2012/10/12,113.6306
2012/10/15,113.6755
2012/10/16,113.6642
2012/10/17,113.5919
2012/10/18,113.5711
2012/10/19,113.5369
2012/10/22,113.5711
2012/10/23,113.5525
2012/10/24,113.5076
2012/10/25,113.493
2012/10/26,113.4882
2012/10/29,113.4627
2012/10/30,113.5016
2012/10/31,113.4908
2012/11/1,113.4264
2012/11/2,113.3807
2012/11/5,113.384
2012/11/6,113.3918
2012/11/7,113.4037
2012/11/8,113.4326
2012/11/9,113.4638
2012/11/12,113.4538
2012/11/13,113.467
2012/11/14,113.4763
2012/11/15,113.4852
2012/11/16,113.526
2012/11/19,113.5965
2012/11/20,113.6339
2012/11/21,113.6375
2012/11/22,113.6336
2012/11/23,113.6061
2012/11/26,113.5772
2012/11/27,113.5528
2012/11/28,113.5633
2012/11/29,113.5375
2012/11/30,113.5034
2012/12/3,113.4766
2012/12/4,113.4544
2012/12/5,113.385
2012/12/6,113.3312
2012/12/7,113.3312
2012/12/10,113.3109
2012/12/11,113.323
2012/12/12,113.3207
2012/12/13,113.3331
2012/12/14,113.3215
2012/12/17,113.3181
2012/12/18,113.3151
2012/12/19,113.3107
2012/12/20,113.3079
2012/12/21,113.3018
2012/12/24,113.2721
2012/12/25,113.3003
2012/12/26,113.3059
2012/12/27,113.3628
2012/12/28,113.4223
2012/12/31,113.4239
2013/1/4,113.3523
2013/1/7,113.472
2013/1/8,113.5156
2013/1/9,113.5455
2013/1/10,113.4928
2013/1/11,113.4595
2013/1/14,113.4574
2013/1/15,113.5018
2013/1/16,113.4891
2013/1/17,113.4989
2013/1/18,113.5464
2013/1/21,113.5202
2013/1/22,113.5153
2013/1/23,113.4832
2013/1/24,113.4669
2013/1/25,113.4806
2013/1/28,113.4371
2013/1/29,113.4788
2013/1/30,113.45
2013/1/31,113.4675
2013/2/1,113.4668
2013/2/4,113.4735
2013/2/5,113.4924
2013/2/6,113.4852
2013/2/7,113.4912
2013/2/8,113.5355
2013/2/18,113.5506
2013/2/19,113.5662
2013/2/20,113.5888
2013/2/21,113.5831
2013/2/22,113.5627
2013/2/25,113.5051
2013/2/26,113.4605
2013/2/27,113.494
2013/2/28,113.4706
2013/3/1,113.4696
2013/3/4,113.4849
2013/3/5,113.4857
2013/3/6,113.5037
2013/3/7,113.5001
2013/3/8,113.4903
2013/3/11,113.4818
2013/3/12,113.504
2013/3/13,113.5042
2013/3/14,113.4881
2013/3/15,113.5071
2013/3/18,113.4916
2013/3/19,113.509
2013/3/20,113.4925
2013/3/21,113.4926
2013/3/22,113.4877
2013/3/25,113.4914
2013/3/26,113.4912
2013/3/27,113.5128
2013/3/28,113.5348
2013/3/29,113.5456
2013/4/1,113.573
2013/4/2,113.6658
2013/4/3,113.6762
2013/4/8,113.6514
2013/4/9,113.6856
2013/4/10,113.721
2013/4/11,113.6857
2013/4/12,113.6954
2013/4/15,113.6979
2013/4/16,113.7359
2013/4/17,113.6981
2013/4/18,113.6499
2013/4/19,113.6137
2013/4/22,113.558
2013/4/23,113.6178
2013/4/24,113.6437
2013/4/25,113.6432
2013/4/26,113.6524
2013/5/2,113.7049
2013/5/3,113.7062
2013/5/6,113.6559
2013/5/7,113.6664
2013/5/8,113.6394
2013/5/9,113.6308
2013/5/10,113.6073
2013/5/13,113.5943
2013/5/14,113.592
2013/5/15,113.5853
2013/5/16,113.5705
2013/5/17,113.5525
2013/5/20,113.5076
2013/5/21,113.4975
2013/5/22,113.5081
2013/5/23,113.5217
2013/5/24,113.5219
2013/5/27,113.5326
2013/5/28,113.5405
2013/5/29,113.534
2013/5/30,113.5184
2013/5/31,113.5006
2013/6/3,113.4599
2013/6/4,113.452
2013/6/5,113.4213
2013/6/6,113.3786
2013/6/7,113.2903
2013/6/13,113.2766
2013/6/14,113.1413
2013/6/17,113.1212
2013/6/18,113.0066
2013/6/19,112.8069
2013/6/20,112.2037
2013/6/21,112.1989
2013/6/24,112.2071
2013/6/25,112.3969
2013/6/26,112.644
2013/6/27,112.7481
2013/6/28,113.0618
2013/7/1,113.0174
2013/7/2,113.1336
2013/7/3,113.1629
2013/7/4,113.1914
2013/7/5,113.2232
2013/7/8,113.1556
2013/7/9,113.0957
2013/7/10,112.9679
2013/7/11,112.8927
2013/7/12,112.8361
2013/7/15,112.8278
2013/7/16,112.8263
2013/7/17,112.7888
2013/7/18,112.7287
2013/7/19,112.6859
2013/7/22,112.5038
2013/7/23,112.244
2013/7/24,112.2176
2013/7/25,112.3439
2013/7/26,112.3702
2013/7/29,112.3264
2013/7/30,112.3524
2013/7/31,112.4074
2013/8/1,112.5047
2013/8/2,112.5149
2013/8/5,112.4937
2013/8/6,112.4706
2013/8/7,112.4635
2013/8/8,112.4139
2013/8/9,112.3592
2013/8/12,112.3282
2013/8/13,112.2068
2013/8/14,111.9665
2013/8/15,111.9802
2013/8/16,111.9761
2013/8/19,111.8316
2013/8/20,111.78
2013/8/21,111.8415
2013/8/22,111.8471
2013/8/23,111.9088
2013/8/26,111.9967
2013/8/27,111.9551
2013/8/28,111.9005
2013/8/29,111.8942
2013/8/30,111.9006
2013/9/2,111.902
2013/9/3,111.8426
2013/9/4,111.78
2013/9/5,111.748
2013/9/6,111.7662
2013/9/9,111.7502
2013/9/10,111.7341
2013/9/11,111.6688
2013/9/12,111.7187
2013/9/13,111.7727
2013/9/16,111.8264
2013/9/17,111.8928
2013/9/18,111.9204
2013/9/23,111.9141
2013/9/24,111.9023
2013/9/25,111.9616
2013/9/26,112.0286
2013/9/27,112.0218
2013/9/30,112.045
2013/10/8,112.0749
2013/10/9,112.0641
2013/10/10,112.1021
2013/10/11,112.1592
2013/10/14,112.1367
2013/10/15,112.1583
2013/10/16,112.1401
2013/10/17,112.1277
2013/10/18,112.0751
2013/10/21,112.0587
2013/10/22,112.026
2013/10/23,112.0276
2013/10/24,111.9015
2013/10/25,111.8616
2013/10/28,111.7971
2013/10/29,111.6447
2013/10/30,111.5192
2013/10/31,111.613
2013/11/1,111.6594
2013/11/4,111.6548
2013/11/5,111.5788
2013/11/6,111.5485
2013/11/7,111.3313
2013/11/8,111.3129
2013/11/11,110.9499
2013/11/12,111.0089
2013/11/13,110.9912
2013/11/14,110.972
2013/11/15,110.8536
2013/11/18,110.8241
2013/11/19,110.8322
2013/11/20,110.8261
2013/11/21,110.8822
2013/11/22,111.0033
2013/11/25,111.0117
2013/11/26,111.0598
2013/11/27,111.0831
2013/11/28,111.1643
2013/11/29,111.2554
2013/12/2,111.1291
2013/12/3,111.1395
2013/12/4,111.2018
2013/12/5,111.1476
2013/12/6,111.1007
2013/12/9,111.0203
2013/12/10,110.9914
2013/12/11,110.9756
2013/12/12,111.035
2013/12/13,111.0912
2013/12/16,111.1213
2013/12/17,111.1105
2013/12/18,111.0937
2013/12/19,110.974
2013/12/20,110.9939
2013/12/23,110.9914
2013/12/24,110.9697
2013/12/25,110.9675
2013/12/26,111.0202
2013/12/27,111.042
2013/12/30,111.0621
2013/12/31,111.0324
2014/1/2,111.0107
2014/1/3,110.9851
2014/1/6,111.0083
2014/1/7,111.0435
2014/1/8,111.1257
2014/1/9,111.1667
2014/1/10,111.1932
2014/1/13,111.2396
2014/1/14,111.2818
2014/1/15,111.3351
2014/1/16,111.3834
2014/1/17,111.429
2014/1/20,111.4974
2014/1/21,111.628
2014/1/22,111.8262
2014/1/23,112.02
2014/1/24,112.1439
2014/1/27,112.2994
2014/1/28,112.2177
2014/1/29,112.2059
2014/1/30,112.1662
2014/2/7,112.2935
2014/2/10,112.3944
2014/2/11,112.3822
2014/2/12,112.3943
2014/2/13,112.46
2014/2/14,112.5324
2014/2/17,112.585
2014/2/18,112.5877
2014/2/19,112.5927
2014/2/20,112.618
2014/2/21,112.6357
2014/2/24,112.6539
2014/2/25,112.754
2014/2/26,112.8242
2014/2/27,112.8545
2014/2/28,112.8333
2014/3/3,112.7937
2014/3/4,112.7292
2014/3/5,112.7303
2014/3/6,112.6661
2014/3/7,112.7221
2014/3/10,112.8453
2014/3/11,112.8331
2014/3/12,112.9146
2014/3/13,112.935
2014/3/14,112.9724
2014/3/17,112.9833
2014/3/18,112.9554
2014/3/19,112.9203
2014/3/20,112.8672
2014/3/21,112.8367
2014/3/24,112.8812
2014/3/25,112.9118
2014/3/26,113.0209
2014/3/27,113.0431
2014/3/28,113.0413
2014/3/31,113.0638
2014/4/1,113.0533
2014/4/2,113.0361
2014/4/3,113.0163
2014/4/4,113.003
2014/4/8,112.9485
2014/4/9,112.7765
2014/4/10,112.7002
2014/4/11,112.6202
2014/4/14,112.5672
2014/4/15,112.5546
2014/4/16,112.5606
2014/4/17,112.6803
2014/4/18,112.6777
2014/4/21,112.5954
2014/4/22,112.5922
2014/4/23,112.5319
2014/4/24,112.5213
2014/4/25,112.5617
2014/4/28,112.562
2014/4/29,112.5663
2014/4/30,112.5795
2014/5/5,112.5845
2014/5/6,112.5889
2014/5/7,112.5869
2014/5/8,112.6516
2014/5/9,112.7494
2014/5/12,112.6941
2014/5/13,112.7058
2014/5/14,112.6778
2014/5/15,112.6566
2014/5/16,112.6717
2014/5/19,112.6912
2014/5/20,112.6472
2014/5/21,112.6574
2014/5/22,112.7091
2014/5/23,112.6989
2014/5/26,112.6827
2014/5/27,112.7153
2014/5/28,112.7524
2014/5/29,112.7992
2014/5/30,112.8418
2014/6/3,112.938
2014/6/4,112.9995
2014/6/5,113.0406
2014/6/6,113.0098
2014/6/9,113.0451
2014/6/10,113.0829
2014/6/11,113.0831
2014/6/12,113.0271
2014/6/13,112.999
2014/6/16,113.0302
2014/6/17,113.0229
2014/6/18,112.9971
2014/6/19,112.9766
2014/6/20,113
2014/6/23,113.0149
2014/6/24,113.0179
2014/6/25,113.0242
2014/6/26,113.0278
2014/6/27,113.0417
2014/6/30,113.0117
2014/7/1,112.9699
2014/7/2,112.8977
2014/7/3,112.8546
2014/7/4,112.848
2014/7/7,112.8802
2014/7/8,112.9154
2014/7/9,112.9055
2014/7/10,112.8736
2014/7/11,112.8419
2014/7/14,112.8313
2014/7/15,112.8028
2014/7/16,112.6531
2014/7/17,112.5424
2014/7/18,112.3998
2014/7/21,112.479
2014/7/22,112.5157
2014/7/23,112.5359
2014/7/24,112.5475
2014/7/25,112.5733
2014/7/28,112.5644
2014/7/29,112.5827
2014/7/30,112.5493
2014/7/31,112.5603
2014/8/1,112.5973
2014/8/4,112.6157
2014/8/5,112.635
2014/8/6,112.6334
2014/8/7,112.6281
2014/8/8,112.6444
2014/8/11,112.6423
2014/8/12,112.6022
2014/8/13,112.5779
2014/8/14,112.6191
2014/8/15,112.6089
2014/8/18,112.5977
2014/8/19,112.5991
2014/8/20,112.5672
2014/8/21,112.5522
2014/8/22,112.5457
2014/8/25,112.5403
2014/8/26,112.5189
2014/8/27,112.5635
2014/8/28,112.5597
2014/8/29,112.5658
2014/9/1,112.5723
2014/9/2,112.5824
2014/9/3,112.5603
2014/9/4,112.5534
2014/9/5,112.5578
2014/9/9,112.5365
2014/9/10,112.4796
2014/9/11,112.4631
2014/9/12,112.4606
2014/9/15,112.4993
2014/9/16,112.4844
2014/9/17,112.5718
2014/9/18,112.6807
2014/9/19,112.8011
2014/9/22,112.8322
2014/9/23,112.846
2014/9/24,112.7756
2014/9/25,112.8125
2014/9/26,112.8041
2014/9/29,112.8616
2014/9/30,112.9163
2014/10/8,112.8895
2014/10/9,112.8977
2014/10/10,112.9115
2014/10/13,112.9624
2014/10/14,113.1126
2014/10/15,113.2535
2014/10/16,113.3414
2014/10/17,113.4273
2014/10/20,113.553
2014/10/21,113.6061
2014/10/22,113.5836
2014/10/23,113.5898
2014/10/24,113.6152
2014/10/27,113.6136
2014/10/28,113.6787
2014/10/29,113.7697
2014/10/30,113.7861
2014/10/31,113.8179
2014/11/3,113.9734
2014/11/4,114.1018
2014/11/5,114.1292
2014/11/6,114.1001
2014/11/7,114.2109
2014/11/10,114.2791
2014/11/11,114.3453
2014/11/12,114.3511
2014/11/13,114.2797
2014/11/14,114.2442
2014/11/17,114.143
2014/11/18,114.1575
2014/11/19,114.103
2014/11/20,114.0603
2014/11/21,113.9984
2014/11/24,114.2345
2014/11/25,114.2677
2014/11/26,114.308
2014/11/27,114.3062
2014/11/28,114.2923
2014/12/1,114.3079
2014/12/2,114.2793
2014/12/3,114.222
2014/12/4,114.1238
2014/12/5,113.9689
2014/12/8,113.9246
2014/12/9,113.7082
2014/12/10,113.8117
2014/12/11,113.78
2014/12/12,113.8307
2014/12/15,113.8082
2014/12/16,113.859
2014/12/17,113.7813
2014/12/18,113.7203
2014/12/19,113.6704
2014/12/22,113.7047
2014/12/23,113.7883
2014/12/24,113.8351
2014/12/25,113.9182
2014/12/26,113.871
2014/12/29,113.989
2014/12/30,114.0108
2014/12/31,114.0122
2015/1/5,114.005
2015/1/6,114.0413
2015/1/7,114.1131
2015/1/8,114.1416
2015/1/9,114.1168
2015/1/12,114.1372
2015/1/13,114.19
2015/1/14,114.2373
2015/1/15,114.2745
2015/1/16,114.2838
2015/1/19,114.2939
2015/1/20,114.3164
2015/1/21,114.309
2015/1/22,114.3414
2015/1/23,114.3521
2015/1/26,114.4257
2015/1/27,114.4373
2015/1/28,114.4271
2015/1/29,114.4024
2015/1/30,114.3615
2015/2/2,114.3656
2015/2/3,114.3658
2015/2/4,114.4247
2015/2/5,114.5615
2015/2/6,114.5037
2015/2/9,114.4765
2015/2/10,114.4857
2015/2/11,114.4959
2015/2/12,114.5262
2015/2/13,114.5565
2015/2/16,114.6175
2015/2/17,114.5682
2015/2/25,114.5906
2015/2/26,114.5896
2015/2/27,114.5211
2015/3/2,114.4687
2015/3/3,114.4717
2015/3/4,114.4618
2015/3/5,114.3685
2015/3/6,114.2578
2015/3/9,114.2426
2015/3/10,114.2291
2015/3/11,114.325
2015/3/12,114.3379
2015/3/13,114.2836
2015/3/16,114.2599
2015/3/17,114.2575
2015/3/18,114.252
2015/3/19,114.2622
2015/3/20,114.2727
2015/3/23,114.2302
2015/3/24,114.2307
2015/3/25,114.225
2015/3/26,114.1947
2015/3/27,114.1595
2015/3/30,114.1084
2015/3/31,114.0322
2015/4/1,114.0516
2015/4/2,114.1078
2015/4/3,114.1153
2015/4/7,114.1018
2015/4/8,114.0599
2015/4/9,114.1276
2015/4/10,114.1285
2015/4/13,114.1081
2015/4/14,114.2161
2015/4/15,114.2613
2015/4/16,114.2814
2015/4/17,114.1887
2015/4/20,114.3301
2015/4/21,114.4323
2015/4/22,114.3958
2015/4/23,114.3472
2015/4/24,114.361
2015/4/27,114.442
2015/4/28,114.4873
2015/4/29,114.5112
2015/4/30,114.5892
2015/5/4,114.6191
2015/5/5,114.6031
2015/5/6,114.6323
2015/5/7,114.6746
2015/5/8,114.7293
2015/5/11,114.8043
2015/5/12,114.9577
2015/5/13,115.1231
2015/5/14,115.2979
2015/5/15,115.4647
2015/5/18,115.3984
2015/5/19,115.2563
2015/5/20,115.3047
2015/5/21,115.2878
2015/5/22,115.3487
2015/5/25,115.4622
2015/5/26,115.5583
2015/5/27,115.7205
2015/5/28,115.6512
2015/5/29,115.6418
2015/6/1,115.578
2015/6/2,115.6311
2015/6/3,115.6596
2015/6/4,115.7056
2015/6/5,115.7295
2015/6/8,115.7632
2015/6/9,115.8239
2015/6/10,115.8606
2015/6/11,115.8205
2015/6/12,115.8407
2015/6/15,115.8447
2015/6/16,115.8495
2015/6/17,115.7703
2015/6/18,115.7612
2015/6/19,115.8583
2015/6/23,115.8492
2015/6/24,115.8277
2015/6/25,115.8298
2015/6/26,115.8324
2015/6/29,115.8304
2015/6/30,115.7954
2015/7/1,115.7807
2015/7/2,115.7904
2015/7/3,115.7857
2015/7/6,115.8575
2015/7/7,115.7866
2015/7/8,115.4695
2015/7/9,115.4906
2015/7/10,115.3941
2015/7/13,115.2941
2015/7/14,115.2614
2015/7/15,115.2748
2015/7/16,115.2638
2015/7/17,115.2688
2015/7/20,115.2407
2015/7/21,115.2882
2015/7/22,115.2762
2015/7/23,115.3463
2015/7/24,115.3544
2015/7/27,115.3713
2015/7/28,115.3838
2015/7/29,115.4537
2015/7/30,115.4103
2015/7/31,115.3803
2015/8/3,115.3126
2015/8/4,115.3058
2015/8/5,115.3167
2015/8/6,115.371
2015/8/7,115.4009
2015/8/10,115.3953
2015/8/11,115.2774
2015/8/12,115.2022
2015/8/13,115.2257
2015/8/14,115.2169
2015/8/17,115.2719
2015/8/18,115.2618
2015/8/19,115.2747
2015/8/20,115.2845
2015/8/21,115.2875
2015/8/24,115.24
2015/8/25,115.2361
2015/8/26,115.2513
2015/8/27,115.2454
2015/8/28,115.2592
2015/8/31,115.2519
2015/9/1,115.2341
2015/9/2,115.2195
2015/9/7,115.2024
2015/9/8,115.1744
2015/9/9,115.1557
2015/9/10,115.1462
2015/9/11,115.1703
2015/9/14,115.1343
2015/9/15,115.1152
2015/9/16,115.1045
2015/9/17,115.0965
2015/9/18,115.0943
2015/9/21,115.0643
2015/9/22,115.0802
2015/9/23,115.0316
2015/9/24,115.0394
2015/9/25,115.0258
2015/9/28,115.0021
2015/9/29,115.0068
2015/9/30,115.0636
2015/10/8,115.0679
2015/10/9,115.1057
2015/10/12,115.1095
2015/10/13,115.094
2015/10/14,115.1312
2015/10/15,115.1791
2015/10/16,115.1278
2015/10/19,115.1449
2015/10/20,115.1568
2015/10/21,115.1489
2015/10/22,115.173
2015/10/23,115.1515
2015/10/26,115.1935
2015/10/27,115.2499
2015/10/28,115.2588
2015/10/29,115.2914
2015/10/30,115.275
2015/11/2,115.2491
2015/11/3,115.1977
2015/11/4,115.1519
2015/11/5,115.1344
2015/11/6,115.0999
2015/11/9,114.9768
2015/11/10,114.9405
2015/11/11,114.9174
2015/11/12,114.9487
2015/11/13,114.9485
2015/11/16,114.9069
2015/11/17,114.9048
2015/11/18,114.9015
2015/11/19,114.8671
2015/11/20,114.8835
2015/11/23,114.8621
2015/11/24,114.887
2015/11/25,114.8588
2015/11/26,114.8618
2015/11/27,114.8877
2015/11/30,114.8867
2015/12/1,114.9389
2015/12/2,114.9534
2015/12/3,115.0113
2015/12/4,115.0628
2015/12/7,115.0552
2015/12/8,115.1035
2015/12/9,115.1089
2015/12/10,115.1238
2015/12/11,115.1225
2015/12/14,115.1181
2015/12/15,115.1069
2015/12/16,115.1198
2015/12/17,115.1797
2015/12/18,115.228
2015/12/21,115.3056
2015/12/22,115.3817
2015/12/23,115.3677
2015/12/24,115.3834
2015/12/25,115.4081
2015/12/28,115.4307
2015/12/29,115.4617
2015/12/30,115.4533
2015/12/31,115.4328
2016/1/4,115.3339
2016/1/5,115.2391
2016/1/6,115.2394
2016/1/7,115.2495
2016/1/8,115.2716
2016/1/11,115.3033
2016/1/12,115.3579
2016/1/13,115.3915
2016/1/14,115.4165
2016/1/15,115.3953
2016/1/18,115.3884
2016/1/19,115.3559
2016/1/20,115.3048
2016/1/21,115.2972
2016/1/22,115.3262
2016/1/25,115.2868
2016/1/26,115.2714
2016/1/27,115.2165
2016/1/28,115.2133
2016/1/29,115.2502
2016/2/1,115.2816
2016/2/2,115.2795
2016/2/3,115.2427
2016/2/4,115.2843
2016/2/5,115.276
2016/2/15,115.2168
2016/2/16,115.1886
2016/2/17,115.2551
2016/2/18,115.2774
2016/2/19,115.2998
2016/2/22,115.241
2016/2/23,115.2568
2016/2/24,115.2671
2016/2/25,115.256
2016/2/26,115.2463
2016/2/29,115.2187
2016/3/1,115.3159
2016/3/2,115.3534
2016/3/3,115.3641
2016/3/4,115.4132
2016/3/7,115.3835
2016/3/8,115.3786
2016/3/9,115.3682
2016/3/10,115.3836
2016/3/11,115.4177
2016/3/14,115.4945
2016/3/15,115.5376
2016/3/16,115.5986
2016/3/17,115.6267
2016/3/18,115.6729
2016/3/21,115.6112
2016/3/22,115.5956
2016/3/23,115.6442
2016/3/24,115.6685
2016/3/25,115.7396
2016/3/28,115.6353
2016/3/29,115.6459
2016/3/30,115.6348
2016/3/31,115.6498
2016/4/1,115.6281
2016/4/5,115.5897
2016/4/6,115.5686
2016/4/7,115.5383
2016/4/8,115.4949
2016/4/11,115.4506
2016/4/12,115.4075
2016/4/13,115.3365
2016/4/14,115.3198
2016/4/15,115.2975
2016/4/18,115.2953
2016/4/19,115.3137
2016/4/20,115.2946
2016/4/21,115.2646
2016/4/22,115.2143
2016/4/25,115.0979
2016/4/26,115.0677
2016/4/27,115.077
2016/4/28,115.0892
2016/4/29,115.0485
2016/5/3,115.0781
2016/5/4,115.0272
2016/5/5,114.9879
2016/5/6,114.9491
2016/5/9,114.9442
2016/5/10,114.9917
2016/5/11,115.0332
2016/5/12,115.0816
2016/5/13,115.093
2016/5/16,115.0706
2016/5/17,115.0732
2016/5/18,115.0298
2016/5/19,115.0127
2016/5/20,115.0146
2016/5/23,115.0163
2016/5/24,114.9835
2016/5/25,114.9835
2016/5/26,114.9707
2016/5/27,114.9437
2016/5/30,114.9312
2016/5/31,114.9018
2016/6/1,114.8581
2016/6/2,114.8504
2016/6/3,114.7887
2016/6/6,114.7974
2016/6/7,114.7953
2016/6/8,114.782
2016/6/13,114.7668
2016/6/14,114.7827
2016/6/15,114.7808
2016/6/16,114.7973
2016/6/17,114.7927
2016/6/20,114.7806
2016/6/21,114.7747
2016/6/22,114.7873
2016/6/23,114.7895
2016/6/24,114.7696
2016/6/27,114.7862
2016/6/28,114.7915
2016/6/29,114.7902
2016/6/30,114.8102
2016/7/1,114.8439
2016/7/4,114.8521
2016/7/5,114.868
2016/7/6,114.8853
2016/7/7,114.9148
2016/7/8,114.928
2016/7/11,114.9224
2016/7/12,114.9079
2016/7/13,114.8683
2016/7/14,114.8855
2016/7/15,114.8722
2016/7/18,114.8833
2016/7/19,114.8815
2016/7/20,114.9121
2016/7/21,114.9471
2016/7/22,114.9464
2016/7/25,114.9396
2016/7/26,114.9303
2016/7/27,114.9486
2016/7/28,114.9511
2016/7/29,114.9534
2016/8/1,114.9451
2016/8/2,114.9588
2016/8/3,114.9895
2016/8/4,115.0171
2016/8/5,115.0564
2016/8/8,115.0574
2016/8/9,115.0863
2016/8/10,115.0967
2016/8/11,115.0991
2016/8/12,115.1198
2016/8/15,115.1288
2016/8/16,115.154
2016/8/17,115.1568
2016/8/18,115.1659
2016/8/19,115.1559
2016/8/22,115.1373
2016/8/23,115.1294
2016/8/24,115.1076
2016/8/25,115.074
2016/8/26,115.0513
2016/8/29,115.0429
2016/8/30,115.0383
2016/8/31,115.0342
2016/9/1,115.0268
2016/9/2,115.0288
2016/9/5,115.0282
2016/9/6,115.004
2016/9/7,114.9921
2016/9/8,114.9854
2016/9/9,114.9783
2016/9/12,114.9458
2016/9/13,114.9304
2016/9/14,114.9003
2016/9/19,114.9274
2016/9/20,114.9252
2016/9/21,114.9547
2016/9/22,114.9816
2016/9/23,114.9854
2016/9/26,114.998
2016/9/27,114.9995
2016/9/28,115.018
2016/9/29,115.0219
2016/9/30,114.9789
2016/10/10,114.977
2016/10/11,115.0022
2016/10/12,114.9983
2016/10/13,114.9516
2016/10/14,115.0108
2016/10/17,114.9949
2016/10/18,115.061
2016/10/19,115.1513
2016/10/20,115.1391
2016/10/21,115.1363
2016/10/24,115.1209
2016/10/25,115.1049
2016/10/26,115.0618
2016/10/27,115.0115
2016/10/28,114.9744
2016/10/31,114.9872
2016/11/1,114.9824
2016/11/2,114.9726
2016/11/3,114.9837
2016/11/4,114.9945
2016/11/7,114.9666
2016/11/8,114.9733
2016/11/9,114.9494
2016/11/10,114.9499
2016/11/11,114.9087
2016/11/14,114.87
2016/11/15,114.8512
2016/11/16,114.8252
2016/11/17,114.8098
2016/11/18,114.7712
2016/11/21,114.6881
2016/11/22,114.7081
2016/11/23,114.7212
2016/11/24,114.7102
2016/11/25,114.6701
2016/11/28,114.6597
2016/11/29,114.569
2016/11/30,114.4357
2016/12/1,114.3416
2016/12/2,114.3026
2016/12/5,114.3289
2016/12/6,114.2593
2016/12/7,114.2481
2016/12/8,114.1428
2016/12/9,114.0414
2016/12/12,114.023
2016/12/13,113.9471
2016/12/14,113.8196
2016/12/15,113.4631
2016/12/16,113.2708
2016/12/19,113.175
2016/12/20,113.062
2016/12/21,113.2437
2016/12/22,113.2673
2016/12/23,113.4409
2016/12/26,113.4927
2016/12/27,113.5774
2016/12/28,113.5853
2016/12/29,113.7786
2016/12/30,113.8808
2017/1/3,113.7409
2017/1/4,113.6953
2017/1/5,113.6714
2017/1/6,113.6776
2017/1/9,113.6921
2017/1/10,113.7282
2017/1/11,113.7009
2017/1/12,113.7336
2017/1/13,113.7575
2017/1/16,113.8192
2017/1/17,113.7773
2017/1/18,113.7961
2017/1/19,113.7816
2017/1/20,113.8191
2017/1/23,113.8407
2017/1/24,113.825
2017/1/25,113.7719
2017/1/26,113.7137
2017/2/3,113.66
2017/2/6,113.4991
2017/2/7,113.3752
2017/2/8,113.3666
2017/2/9,113.4021
2017/2/10,113.3992
2017/2/13,113.4045
2017/2/14,113.413
2017/2/15,113.4438
2017/2/16,113.466
2017/2/17,113.5259
2017/2/20,113.5749
2017/2/21,113.6178
2017/2/22,113.636
2017/2/23,113.6537
2017/2/24,113.6384
2017/2/27,113.6115
2017/2/28,113.5829
2017/3/1,113.5804
2017/3/2,113.5471
2017/3/3,113.5254
2017/3/6,113.5066
2017/3/7,113.4863
2017/3/8,113.4338
2017/3/9,113.4087
2017/3/10,113.4224
2017/3/13,113.4887
2017/3/14,113.5032
2017/3/15,113.4623
2017/3/16,113.4422
2017/3/17,113.4283
2017/3/20,113.4234
2017/3/21,113.3411
2017/3/22,113.306
2017/3/23,113.2423
2017/3/24,113.2653
2017/3/27,113.2955
2017/3/28,113.3135
2017/3/29,113.3069
2017/3/30,113.3292
2017/3/31,113.3452
2017/4/5,113.2601
2017/4/6,113.2533
2017/4/7,113.2221
2017/4/10,113.2188
2017/4/11,113.2092
2017/4/12,113.196
2017/4/13,113.1978
2017/4/14,113.1377
2017/4/17,113.074
2017/4/18,112.9904
2017/4/19,112.9868
2017/4/20,112.9567
2017/4/21,112.9409
2017/4/24,112.914
2017/4/25,112.8871
2017/4/26,112.7933
2017/4/27,112.7948
2017/4/28,112.7797
2017/5/2,112.623
2017/5/3,112.5216
2017/5/4,112.3546
2017/5/5,112.3525
2017/5/8,112.2175
2017/5/9,112.1756
2017/5/10,112.074
2017/5/11,112.054
2017/5/12,111.9403
2017/5/15,112.0093
2017/5/16,112.0161
2017/5/17,111.9033
2017/5/18,111.9186
2017/5/19,111.8869
2017/5/22,111.828
2017/5/23,111.8457
2017/5/24,111.8684
2017/5/25,111.9523
2017/5/26,111.9565
2017/5/31,112.0698
2017/6/1,112.0856
2017/6/2,112.0738
2017/6/5,112.0749
2017/6/6,112.0724
2017/6/7,112.0268
2017/6/8,111.9779
2017/6/9,111.9789
2017/6/12,112.056
2017/6/13,112.0948
2017/6/14,112.0904
2017/6/15,112.1005
2017/6/16,112.0844
2017/6/19,112.1694
2017/6/20,112.2357
2017/6/21,112.2448
2017/6/22,112.1694
2017/6/23,112.1894
2017/6/26,112.2368
2017/6/27,112.3266
2017/6/28,112.3292
2017/6/29,112.3241
2017/6/30,112.3038
2017/7/3,112.2675
2017/7/4,112.2848
2017/7/5,112.2937
2017/7/6,112.3269
2017/7/7,112.347
2017/7/10,112.3295
2017/7/11,112.3348
2017/7/12,112.3261
2017/7/13,112.3348
2017/7/14,112.3411
2017/7/17,112.3365
2017/7/18,112.335
2017/7/19,112.3202
2017/7/20,112.3372
2017/7/21,112.3596
2017/7/24,112.3552
2017/7/25,112.3573
2017/7/26,112.3326
2017/7/27,112.3332
2017/7/28,112.3394
2017/7/31,112.3514
2017/8/1,112.355
2017/8/2,112.3729
2017/8/3,112.3866
2017/8/4,112.4635
2017/8/7,112.4612
2017/8/8,112.433
2017/8/9,112.4205
2017/8/10,112.4124
2017/8/11,112.4525
2017/8/14,112.4742
2017/8/15,112.482
2017/8/16,112.4685
2017/8/17,112.4657
2017/8/18,112.4613
2017/8/21,112.4545
2017/8/22,112.4527
2017/8/23,112.4473
2017/8/24,112.4136
2017/8/25,112.3825
2017/8/28,112.3388
2017/8/29,112.3251
2017/8/30,112.3089
2017/8/31,112.293
2017/9/1,112.3202
2017/9/4,112.3073
2017/9/5,112.3106
2017/9/6,112.2098
2017/9/7,112.2565
2017/9/8,112.312
2017/9/11,112.3183
2017/9/12,112.313
2017/9/13,112.3094
2017/9/14,112.3021
2017/9/15,112.3125
2017/9/18,112.3107
2017/9/19,112.2784
2017/9/20,112.2555
2017/9/21,112.2293
2017/9/22,112.2356
2017/9/25,112.2478
2017/9/26,112.2659
2017/9/27,112.2643
2017/9/28,112.2568
2017/9/29,112.2909
2017/10/9,112.2557
2017/10/10,112.2473
2017/10/11,112.2766
2017/10/12,112.2606
2017/10/13,112.283
2017/10/16,112.2666
2017/10/17,112.2417
2017/10/18,112.2401
2017/10/19,112.2557
2017/10/20,112.2535
2017/10/23,112.2543
2017/10/24,112.2506
2017/10/25,112.2145
2017/10/26,112.2056
2017/10/27,112.1857
2017/10/30,112.0775
2017/10/31,112.0741
2017/11/1,112.0876
2017/11/2,112.0664
2017/11/3,112.0904
2017/11/6,112.0961
2017/11/7,112.0858
2017/11/8,112.0609
2017/11/9,112.0765
2017/11/10,112.0514
2017/11/13,112.027
2017/11/14,112.0051
2017/11/15,112.0087
2017/11/16,112.0351
2017/11/17,112.0284
2017/11/20,112.0175
2017/11/21,111.9923
2017/11/22,111.9603
2017/11/23,111.9599
2017/11/24,111.9575
2017/11/27,111.9376
2017/11/28,111.9172
2017/11/29,111.9179
2017/11/30,111.949
2017/12/1,111.9675
2017/12/4,111.9909
2017/12/5,111.9867
2017/12/6,111.9229
2017/12/7,111.9359
2017/12/8,111.9186
2017/12/11,111.9049
2017/12/12,111.8873
2017/12/13,111.856
2017/12/14,111.8729
2017/12/15,111.8755
2017/12/18,111.8944
2017/12/19,111.9087
2017/12/20,111.8563
2017/12/21,111.8458
2017/12/22,111.8469
2017/12/25,111.8487
2017/12/26,111.831
2017/12/27,111.8406
2017/12/28,111.8404
2017/12/29,111.8618
2018/1/2,111.9665
2018/1/3,112.0072
2018/1/4,112.0678
2018/1/5,112.1471
2018/1/8,112.2098
2018/1/9,112.2546
2018/1/10,112.2324
2018/1/11,112.2295
2018/1/12,112.2152
2018/1/15,112.2064
2018/1/16,112.2056
2018/1/17,112.208
2018/1/18,112.2086
2018/1/19,112.1961
2018/1/22,112.2399
2018/1/23,112.2667
2018/1/24,112.2971
2018/1/25,112.2805
2018/1/26,112.2969
2018/1/29,112.3194
2018/1/30,112.3086
2018/1/31,112.3633
2018/2/1,112.4154
2018/2/2,112.4024
2018/2/5,112.3854
2018/2/6,112.3801
2018/2/7,112.4136
2018/2/8,112.4028
2018/2/9,112.4208
2018/2/12,112.4106
2018/2/13,112.4234
2018/2/14,112.4344
2018/2/22,112.4424
2018/2/23,112.4666
2018/2/26,112.6227
2018/2/27,112.6815
2018/2/28,112.7325
2018/3/1,112.7054
2018/3/2,112.7083
2018/3/5,112.6874
2018/3/6,112.6538
2018/3/7,112.6685
2018/3/8,112.6768
2018/3/9,112.6727
2018/3/12,112.6556
2018/3/13,112.613
2018/3/14,112.5965
2018/3/15,112.5664
2018/3/16,112.587
2018/3/19,112.5881
2018/3/20,112.5915
2018/3/21,112.6092
2018/3/22,112.6275
2018/3/23,112.6946
2018/3/26,112.7011
2018/3/27,112.6593
2018/3/28,112.6549
2018/3/29,112.6513
2018/3/30,112.6336
2018/4/2,112.6714
2018/4/3,112.668
2018/4/4,112.7028
2018/4/9,112.8123
2018/4/10,112.8258
2018/4/11,112.837
2018/4/12,112.8912
2018/4/13,112.9723
2018/4/16,113.0367
2018/4/17,113.0965
2018/4/18,113.5055
2018/4/19,113.4124
2018/4/20,113.4189
2018/4/23,113.2659
2018/4/24,113.3639
2018/4/25,113.3921
2018/4/26,113.3819
2018/4/27,113.3792
2018/5/2,113.2633
2018/5/3,113.3027
2018/5/4,113.3426
2018/5/7,113.3717
2018/5/8,113.3906
2018/5/9,113.4143
2018/5/10,113.4308
2018/5/11,113.4447
2018/5/14,113.4254
2018/5/15,113.4066
2018/5/16,113.376
2018/5/17,113.2569
2018/5/18,113.2869
2018/5/21,113.1999
2018/5/22,113.214
2018/5/23,113.208
2018/5/24,113.1904
2018/5/25,113.1993
2018/5/28,113.1842
2018/5/29,113.1733
2018/5/30,113.1589
2018/5/31,113.1446
2018/6/1,113.0557
2018/6/4,113.0249
2018/6/5,112.9842
2018/6/6,112.9493
2018/6/7,112.9549
2018/6/8,112.9693
2018/6/11,112.9591
2018/6/12,112.9169
2018/6/13,112.9259
2018/6/14,112.9131
2018/6/15,112.9463
2018/6/19,112.9624
2018/6/20,112.9368
2018/6/21,112.9145
2018/6/22,112.8812
2018/6/25,112.876
2018/6/26,112.8874
2018/6/27,112.896
2018/6/28,112.9528
2018/6/29,113.0621
2018/7/2,113.117
2018/7/3,113.1748
2018/7/4,113.2469
2018/7/5,113.2729
2018/7/6,113.2893
2018/7/9,113.2913
2018/7/10,113.2732
2018/7/11,113.2629
2018/7/12,113.2773
2018/7/13,113.2887
2018/7/16,113.3118
2018/7/17,113.3487
2018/7/18,113.3458
2018/7/19,113.3445
2018/7/20,113.3368
2018/7/23,113.328
2018/7/24,113.3245
2018/7/25,113.3497
2018/7/26,113.4282
2018/7/27,113.5874
2018/7/30,113.6507
2018/7/31,113.6845
2018/8/1,113.7051
2018/8/2,113.7391
2018/8/3,113.7851
2018/8/6,113.8861
2018/8/7,113.9531
2018/8/8,113.9431
2018/8/9,113.7549
2018/8/10,113.7504
2018/8/13,113.5906
2018/8/14,113.5706
2018/8/15,113.5524
2018/8/16,113.4956
2018/8/17,113.3717
2018/8/20,113.3701
2018/8/21,113.1819
2018/8/22,113.2705
2018/8/23,113.3292
2018/8/24,113.3375
2018/8/27,113.3428
2018/8/28,113.3148
2018/8/29,113.3
2018/8/30,113.3139
2018/8/31,113.3412
2018/9/3,113.3021
2018/9/4,113.2714
2018/9/5,113.2755
2018/9/6,113.2639
2018/9/7,113.2671
2018/9/10,113.2382
2018/9/11,113.1951
2018/9/12,113.1895
2018/9/13,113.2267
2018/9/14,113.2392
2018/9/17,113.2557
2018/9/18,113.261
2018/9/19,113.1086
2018/9/20,113.0911
2018/9/21,113.084
2018/9/25,113.1087
2018/9/26,113.1247
2018/9/27,113.1638
2018/9/28,113.1937
2018/10/8,113.2878
2018/10/9,113.3034
2018/10/10,113.3391
2018/10/11,113.3935
2018/10/12,113.4272
2018/10/15,113.46
2018/10/16,113.467
2018/10/17,113.4522
2018/10/18,113.451
2018/10/19,113.4619
2018/10/22,113.4901
2018/10/23,113.4988
2018/10/24,113.5086
2018/10/25,113.5444
2018/10/26,113.553
2018/10/29,113.5851
2018/10/30,113.6373
2018/10/31,113.6407
2018/11/1,113.6255
2018/11/2,113.6331
2018/11/5,113.6272
2018/11/6,113.6512
2018/11/7,113.7493
2018/11/8,113.8108
2018/11/9,113.8286
2018/11/12,113.8894
2018/11/13,113.9248
2018/11/14,114.0403
2018/11/15,114.0867
2018/11/16,114.092
2018/11/19,114.0954
2018/11/20,114.0795
2018/11/21,114.0823
2018/11/22,114.0821
2018/11/23,114.0728
2018/11/26,114.0779
2018/11/27,114.0805
2018/11/28,114.1042
2018/11/29,114.1153
2018/11/30,114.1204
2018/12/3,114.0995
2018/12/4,114.1225
2018/12/5,114.1924
2018/12/6,114.263
2018/12/7,114.281
2018/12/10,114.2891
2018/12/11,114.2896
2018/12/12,114.2994
2018/12/13,114.2877
2018/12/14,114.2628
2018/12/17,114.2244
2018/12/18,114.1912
2018/12/19,113.9347
2018/12/20,114.0233
2018/12/21,114.0391
2018/12/24,114.0164
2018/12/25,114.012
2018/12/26,114.0145
2018/12/27,114.0636
2018/12/28,114.1587
2019/1/2,114.3653
2019/1/3,114.3823
2019/1/4,114.3911
2019/1/7,114.4381
2019/1/8,114.5217
2019/1/9,114.4971
2019/1/10,114.5149
2019/1/11,114.4761
2019/1/14,114.4511
2019/1/15,114.4216
2019/1/16,114.5162
2019/1/17,114.6062
2019/1/18,114.5831
2019/1/21,114.5046
2019/1/22,114.5224
2019/1/23,114.4973
2019/1/24,114.5028
2019/1/25,114.492
2019/1/28,114.4042
2019/1/29,114.4246
2019/1/30,114.4615
2019/1/31,114.4641
2019/2/1,114.5129
2019/2/11,114.5145
2019/2/12,114.5399
2019/2/13,114.568
2019/2/14,114.5567
2019/2/15,114.5629
2019/2/18,114.5529
2019/2/19,114.5367
2019/2/20,114.5682
2019/2/21,114.5489
2019/2/22,114.5461
2019/2/25,114.5022
2019/2/26,114.4484
2019/2/27,114.4375
2019/2/28,114.4026
2019/3/1,114.3711
2019/3/4,114.345
2019/3/5,114.3273
2019/3/6,114.2952
2019/3/7,114.2725
2019/3/8,114.2884
2019/3/11,114.2909
2019/3/12,114.275
2019/3/13,114.2694
2019/3/14,114.2547
2019/3/15,114.2666
2019/3/18,114.2619
2019/3/19,114.2754
2019/3/20,114.2842
2019/3/21,114.2906
2019/3/22,114.2977
2019/3/25,114.2904
2019/3/26,114.3041
2019/3/27,114.3115
2019/3/28,114.3121
2019/3/29,114.3345
2019/4/1,114.3299
2019/4/2,114.3326
2019/4/3,114.2771
2019/4/4,114.2407
2019/4/8,114.1109
2019/4/9,114.0384
2019/4/10,113.8427
2019/4/11,113.8511
2019/4/12,113.8586
2019/4/15,113.791
2019/4/16,113.7503
2019/4/17,113.6996
2019/4/18,113.7342
2019/4/19,113.7628
2019/4/22,113.756
2019/4/23,113.733
2019/4/24,113.709
2019/4/25,113.705
2019/4/26,113.7083
2019/4/29,113.7271
2019/4/30,113.7325
2019/5/6,113.8045
2019/5/7,113.7565
2019/5/8,113.7733
2019/5/9,113.8093
2019/5/10,113.7936
2019/5/13,113.8252
2019/5/14,113.8233
2019/5/15,113.805
2019/5/16,113.8023
2019/5/17,113.7894
2019/5/20,113.7927
2019/5/21,113.7862
2019/5/22,113.7843
2019/5/23,113.7863
2019/5/24,113.8218
2019/5/27,113.7861
2019/5/28,113.8043
2019/5/29,113.8436
2019/5/30,113.8669
2019/5/31,113.8877
2019/6/3,113.9101
2019/6/4,113.9215
2019/6/5,113.9311
2019/6/6,113.9433
2019/6/10,113.9271
2019/6/11,113.9032
2019/6/12,113.7685
2019/6/13,113.7652
2019/6/14,113.7665
2019/6/17,113.7821
2019/6/18,113.807
2019/6/19,113.8256
2019/6/20,113.8523
2019/6/21,113.8769
2019/6/24,113.8832
2019/6/25,113.8828
2019/6/26,113.8802
2019/6/27,113.879
2019/6/28,113.8857
2019/7/1,113.8775
2019/7/2,113.908
2019/7/3,113.973
2019/7/4,113.9947
2019/7/5,114.001
2019/7/8,113.9847
2019/7/9,113.9768
2019/7/10,114.0001
2019/7/11,114.0158
2019/7/12,114.0175
2019/7/15,114.0072
2019/7/16,113.9882
2019/7/17,113.9977
2019/7/18,113.9967
2019/7/19,114.0026
2019/7/22,114.0027
2019/7/23,114.0108
2019/7/24,113.9975
2019/7/25,114.0091
2019/7/26,114.01
2019/7/29,113.9982
2019/7/30,114.0019
2019/7/31,114.0067
2019/8/1,114.0175
2019/8/2,114.0504
2019/8/5,114.0842
2019/8/6,114.1046
2019/8/7,114.1571
2019/8/8,114.1843
2019/8/9,114.1758
2019/8/12,114.1648
2019/8/13,114.1688
2019/8/14,114.1751
2019/8/15,114.1698
2019/8/16,114.1775
2019/8/19,114.1807
2019/8/20,114.1677
2019/8/21,114.1686
2019/8/22,114.157
2019/8/23,114.1594
2019/8/26,114.1707
2019/8/27,114.1535
2019/8/28,114.1494
2019/8/29,114.1271
2019/8/30,114.1414
2019/9/2,114.1319
2019/9/3,114.1004
2019/9/4,114.092
2019/9/5,114.1302
2019/9/6,114.1521
2019/9/9,114.1536
2019/9/10,114.1456
2019/9/11,114.1509
2019/9/12,114.1522
2019/9/16,114.1461
2019/9/17,114.1548
2019/9/18,114.1663
2019/9/19,114.1869
2019/9/20,114.1755
2019/9/23,114.1752
2019/9/24,114.1718
2019/9/25,114.1748
2019/9/26,114.1705
2019/9/27,114.1656
2019/9/30,114.1376
2019/10/8,114.1323
2019/10/9,114.1518
2019/10/10,114.1661
2019/10/11,114.1686
2019/10/14,114.1523
2019/10/15,114.1416
2019/10/16,114.1126
2019/10/17,114.1143
2019/10/18,114.1173
2019/10/21,114.0842
2019/10/22,114.0696
2019/10/23,114.0684
2019/10/24,114.0692
2019/10/25,114.071
2019/10/28,114.0458
2019/10/29,114.016
2019/10/30,113.9221
2019/10/31,113.9141
2019/11/1,113.9352
2019/11/4,113.9104
2019/11/5,113.928
2019/11/6,113.9446
2019/11/7,113.9475
2019/11/8,113.9409
2019/11/11,113.9359
2019/11/12,113.9414
2019/11/13,113.925
2019/11/14,113.9182
2019/11/15,113.9166
2019/11/18,113.9453
2019/11/19,113.9884
2019/11/20,114.018
2019/11/21,114.0457
2019/11/22,114.0656
2019/11/25,114.047
2019/11/26,114.0309
2019/11/27,114.0403
2019/11/28,114.0378
2019/11/29,114.0358
2019/12/2,114.0068
2019/12/3,114.0043
2019/12/4,114.0333
2019/12/5,114.0245
2019/12/6,114.0097
2019/12/9,114.0073
2019/12/10,114.0009
2019/12/11,114.0162
2019/12/12,114.035
2019/12/13,114.0382
2019/12/16,114.041
2019/12/17,114.0247
2019/12/18,114.0362
2019/12/19,114.0755
2019/12/20,114.0972
2019/12/23,114.1489
2019/12/24,114.1959
2019/12/25,114.2289
2019/12/26,114.2591
2019/12/27,114.3021
2019/12/30,114.3189
2019/12/31,114.3533
2020/1/2,114.2972
2020/1/3,114.2837
2020/1/6,114.2959
2020/1/7,114.3188
2020/1/8,114.3714
2020/1/9,114.3754
2020/1/10,114.3888
2020/1/13,114.3828
2020/1/14,114.3572
2020/1/15,114.3635
2020/1/16,114.3644
2020/1/17,114.3646
2020/1/20,114.46
2020/1/21,114.4822
2020/1/22,114.4985
2020/1/23,114.5181
2020/2/3,114.7971
2020/2/4,114.7109
2020/2/5,114.7517
2020/2/6,114.7695
2020/2/7,114.7739
2020/2/10,114.8087
2020/2/11,114.8411
2020/2/12,114.8257
2020/2/13,114.8277
2020/2/14,114.8228
2020/2/17,114.8239
2020/2/18,114.8454
2020/2/19,114.8322
2020/2/20,114.8038
2020/2/21,114.8186
2020/2/24,114.8596
2020/2/25,114.8778
2020/2/26,114.8695
2020/2/27,114.8727
2020/2/28,114.8895
2020/3/2,114.9092
2020/3/3,114.8918
2020/3/4,114.9503
2020/3/5,114.9812
2020/3/6,115.0451
2020/3/9,115.1901
2020/3/10,115.1085
2020/3/11,115.1145
2020/3/12,115.0879
2020/3/13,115.065
2020/3/16,115.0379
2020/3/17,115.0165
2020/3/18,115.0119
2020/3/19,115.0451
2020/3/20,115.0764
2020/3/23,115.1369
2020/3/24,115.247
2020/3/25,115.309
2020/3/26,115.407
2020/3/27,115.4059
2020/3/30,115.4414
2020/3/31,115.5225
2020/4/1,115.5593
2020/4/2,115.5684
2020/4/3,115.5577
2020/4/7,116.0596
2020/4/8,116.2807
2020/4/9,116.2371
2020/4/10,116.1715
2020/4/13,116.1373
2020/4/14,116.2147
2020/4/15,116.2995
2020/4/16,116.3319
2020/4/17,116.3386
2020/4/20,116.3829
2020/4/21,116.4899
2020/4/22,116.6286
2020/4/23,116.7123
2020/4/24,116.7034
2020/4/27,116.6836
2020/4/28,116.6988
2020/4/29,116.7317
2020/4/30,116.7186
2020/5/6,116.608
2020/5/7,116.5439
2020/5/8,116.5189
2020/5/11,116.3912
2020/5/12,116.3884
2020/5/13,116.3583
2020/5/14,116.3599
2020/5/15,116.3563
2020/5/18,116.2787
2020/5/19,116.2143
2020/5/20,116.1805
2020/5/21,116.1627
2020/5/22,116.1796
2020/5/25,116.095
2020/5/26,115.9298
2020/5/27,115.675
2020/5/28,115.676
2020/5/29,115.6646
2020/6/1,115.6596
2020/6/2,115.3479
2020/6/3,115.0366
2020/6/4,114.9009
2020/6/5,114.7463
2020/6/8,114.7485
2020/6/9,114.7825
2020/6/10,114.7349
2020/6/11,114.7318
2020/6/12,114.7732
2020/6/15,114.7579
2020/6/16,114.6779
2020/6/17,114.5864
2020/6/18,114.5979
2020/6/19,114.5788
2020/6/22,114.4854
2020/6/23,114.4216
2020/6/24,114.5226
2020/6/29,114.5822
2020/6/30,114.5974
2020/7/1,114.5916
2020/7/2,114.6255
2020/7/3,114.6111
2020/7/6,114.2886
2020/7/7,114.2748
2020/7/8,114.1883
2020/7/9,114.1089
2020/7/10,114.1154
2020/7/13,114.0245
2020/7/14,114.0537
2020/7/15,114.1369
2020/7/16,114.1677
2020/7/17,114.1824
2020/7/20,114.1945
2020/7/21,114.2392
2020/7/22,114.2929
2020/7/23,114.2627
2020/7/24,114.2782
2020/7/27,114.2824
2020/7/28,114.2461
2020/7/29,114.199
2020/7/30,114.1651
2020/7/31,114.1373
2020/8/3,114.0886
2020/8/4,114.0521
2020/8/5,113.9663
2020/8/6,113.892
2020/8/7,113.8527
2020/8/10,113.8601
2020/8/11,113.8777
2020/8/12,113.8104
2020/8/13,113.812
2020/8/14,113.8493
2020/8/17,113.863
2020/8/18,113.8661
2020/8/19,113.7726
2020/8/20,113.721
2020/8/21,113.7264
2020/8/24,113.6898
2020/8/25,113.5748
2020/8/26,113.5607
2020/8/27,113.5049
2020/8/28,113.4655
2020/8/31,113.4732
2020/9/1,113.463
2020/9/2,113.3703
2020/9/3,113.3312
2020/9/4,113.307
2020/9/7,113.2466
2020/9/8,113.2518
2020/9/9,113.3247
2020/9/10,113.4237
2020/9/11,113.419
2020/9/14,113.3842
2020/9/15,113.4453
2020/9/16,113.4983
2020/9/17,113.523
2020/9/18,113.5416
2020/9/21,113.5731
2020/9/22,113.5845
2020/9/23,113.5674
2020/9/24,113.5497
2020/9/25,113.5186
2020/9/28,113.4835
2020/9/29,113.4541
2020/9/30,113.4211
2020/10/9,113.2636
2020/10/12,113.2476
2020/10/13,113.2654
2020/10/14,113.2467
2020/10/15,113.2197
2020/10/16,113.2084
2020/10/19,113.2186
2020/10/20,113.2375
2020/10/21,113.2541
2020/10/22,113.3212
2020/10/23,113.2997
2020/10/26,113.2734
2020/10/27,113.3081
2020/10/28,113.2994
2020/10/29,113.2983
2020/10/30,113.296
2020/11/2,113.2965
2020/11/3,113.3147
2020/11/4,113.319
2020/11/5,113.2951
2020/11/6,113.2497
2020/11/9,113.223
2020/11/10,113.2209
2020/11/11,113.1996
2020/11/12,113.1809
2020/11/13,113.1381
2020/11/16,113.1097
2020/11/17,113.0981
2020/11/18,113.002
2020/11/19,112.903
2020/11/20,112.8588
2020/11/23,112.8883
2020/11/24,112.8753
2020/11/25,112.8994
2020/11/26,112.9228
2020/11/27,112.9196
2020/11/30,113.0688
2020/12/1,113.0779
2020/12/2,113.001
2020/12/3,112.9936
2020/12/4,113.0081
2020/12/7,112.9976
2020/12/8,113.0254
2020/12/9,113.0474
2020/12/10,113.1124
2020/12/11,113.0876
2020/12/14,113.0828
2020/12/15,113.1372
2020/12/16,113.2133
2020/12/17,113.1954
2020/12/18,113.1899
2020/12/21,113.2322
2020/12/22,113.3009
2020/12/23,113.3383
2020/12/24,113.3329
2020/12/25,113.3427
2020/12/28,113.3888
2020/12/29,113.42
2020/12/30,113.4782
2020/12/31,113.4928
2021/1/4,113.4153
2021/1/5,113.4625
2021/1/6,113.5144
2021/1/7,113.6149
2021/1/8,113.6614
2021/1/11,113.6487
2021/1/12,113.6993
2021/1/13,113.8022
2021/1/14,113.7675
2021/1/15,113.6449
2021/1/18,113.5418
2021/1/19,113.5156
2021/1/20,113.5619
2021/1/21,113.6287
2021/1/22,113.6422
2021/1/25,113.6175
2021/1/26,113.4973
2021/1/27,113.4529
2021/1/28,113.3519
2021/1/29,113.3366
2021/2/1,113.3981
2021/2/2,113.4424
2021/2/3,113.3367
2021/2/4,113.3035
2021/2/5,113.2821
2021/2/8,113.3045
2021/2/9,113.3288
2021/2/10,113.3484
2021/2/18,113.2405
2021/2/19,113.2883
2021/2/22,113.3417
2021/2/23,113.3648
2021/2/24,113.3971
2021/2/25,113.3829
2021/2/26,113.3611
2021/3/1,113.36
2021/3/2,113.3651
2021/3/3,113.3379
2021/3/4,113.2974
2021/3/5,113.2844
2021/3/8,113.3039
2021/3/9,113.2796
2021/3/10,113.2682
2021/3/11,113.2543
2021/3/12,113.2553
2021/3/15,113.2352
2021/3/16,113.2411
2021/3/17,113.2695
2021/3/18,113.288
2021/3/19,113.3039
2021/3/22,113.3306
2021/3/23,113.3444
2021/3/24,113.3792
2021/3/25,113.4034
2021/3/26,113.4057
2021/3/29,113.3955
2021/3/30,113.4157
2021/3/31,113.4408
2021/4/1,113.4621
2021/4/2,113.4577
2021/4/6,113.4589
2021/4/7,113.4306
2021/4/8,113.4263
2021/4/9,113.4242
2021/4/12,113.4427
2021/4/13,113.5054
2021/4/14,113.5289
2021/4/15,113.5142
2021/4/16,113.5277
2021/4/19,113.5503
2021/4/20,113.5865
2021/4/21,113.6252
2021/4/22,113.6576
2021/4/23,113.6651
2021/4/26,113.612
2021/4/27,113.6029
2021/4/28,113.617
2021/4/29,113.6492
2021/4/30,113.6605
2021/5/6,113.6975
2021/5/7,113.7331
2021/5/10,113.7582
2021/5/11,113.7952
2021/5/12,113.7962
2021/5/13,113.7567
2021/5/14,113.7309
2021/5/17,113.6982
2021/5/18,113.6871
2021/5/19,113.7175
2021/5/20,113.7453
2021/5/21,113.7823
2021/5/24,113.7711
2021/5/25,113.7538
2021/5/26,113.7654
2021/5/27,113.7465
2021/5/28,113.7007
2021/5/31,113.6834
2021/6/1,113.6916
2021/6/2,113.6875
2021/6/3,113.6872
2021/6/4,113.6573
2021/6/7,113.6036
2021/6/8,113.5864
2021/6/9,113.5629
2021/6/10,113.5769
2021/6/11,113.5652
2021/6/15,113.5557
2021/6/16,113.5557
2021/6/17,113.5344
2021/6/18,113.5419
2021/6/21,113.5712
2021/6/22,113.5895
2021/6/23,113.6138
2021/6/24,113.6434
2021/6/25,113.6626
2021/6/28,113.6447
2021/6/29,113.6487
2021/6/30,113.6665
2021/7/1,113.6782
2021/7/2,113.6824
2021/7/5,113.6946
2021/7/6,113.6991
2021/7/7,113.7109
2021/7/8,113.8276
2021/7/9,113.8043
2021/7/12,113.8806
2021/7/13,113.9316
2021/7/14,113.9495
2021/7/15,113.9311
2021/7/16,113.9496
2021/7/19,113.969
2021/7/20,114.0098
2021/7/21,114.0464
2021/7/22,114.0561
2021/7/23,114.0887
2021/7/26,114.1491
2021/7/27,114.1002
2021/7/28,114.0209
2021/7/29,114.0353
2021/7/30,114.0975
2021/8/2,114.171
2021/8/3,114.1318
2021/8/4,114.0851
2021/8/5,114.0811
2021/8/6,114.094
2021/8/9,114.0119
2021/8/10,113.9815
2021/8/11,113.9574
2021/8/12,113.9741
2021/8/13,113.9716
2021/8/16,113.9531
2021/8/17,113.9587
2021/8/18,113.9862
2021/8/19,114.0344
2021/8/20,114.0078
2021/8/23,113.9812
2021/8/24,113.9768
2021/8/25,114.0046
2021/8/26,113.9883
2021/8/27,113.9896
2021/8/30,114.0048
2021/8/31,114.013
2021/9/1,114.0284
2021/9/2,114.041
2021/9/3,114.0301
2021/9/6,114.0147
2021/9/7,113.9832
2021/9/8,113.9535
2021/9/9,113.9461
2021/9/10,113.9384
2021/9/13,113.916
2021/9/14,113.8723
2021/9/15,113.8873
2021/9/16,113.8771
2021/9/17,113.8954
2021/9/22,113.9318
2021/9/23,113.9444
2021/9/24,113.9482
2021/9/27,113.9451
2021/9/28,113.93
2021/9/29,113.9361
2021/9/30,113.9691
2021/10/8,113.9488
2021/10/11,113.8766
2021/10/12,113.8483
2021/10/13,113.8241
2021/10/14,113.8248
2021/10/15,113.795
2021/10/18,113.6947
2021/10/19,113.6734
2021/10/20,113.7015
2021/10/21,113.748
2021/10/22,113.7859
2021/10/25,113.78
2021/10/26,113.7735
2021/10/27,113.7855
2021/10/28,113.785
2021/10/29,113.7821
2021/11/1,113.7914
2021/11/2,113.8181
2021/11/3,113.8253
2021/11/4,113.8358
2021/11/5,113.872
2021/11/8,113.8761
2021/11/9,113.8665
2021/11/10,113.8691
2021/11/11,113.8447
2021/11/12,113.843
2021/11/15,113.858
2021/11/16,113.8617
2021/11/17,113.8606
2021/11/18,113.8612
2021/11/19,113.8526
2021/11/22,113.8637
2021/11/23,113.8608
2021/11/24,113.8729
2021/11/25,113.8902
2021/11/26,113.8979
2021/11/29,113.9038
2021/11/30,113.8859
2021/12/1,113.8805
2021/12/2,113.8584
2021/12/3,113.8365
2021/12/6,113.8834
2021/12/7,113.8745
2021/12/8,113.8386
2021/12/9,113.8273
2021/12/10,113.8348
2021/12/13,113.8423
2021/12/14,113.8655
2021/12/15,113.8771
2021/12/16,113.882
2021/12/17,113.8756
2021/12/20,113.8473
2021/12/21,113.8059
2021/12/22,113.8128
2021/12/23,113.8528
2021/12/24,113.8617
2021/12/27,113.8657
2021/12/28,113.8712
2021/12/29,113.9061
2021/12/30,113.9641
2021/12/31,114.0233
2022/1/4,114.0293
2022/1/5,114.0438
2022/1/6,114.0177
2022/1/7,113.9934
2022/1/10,114.0243
2022/1/11,114.0645
2022/1/12,114.0952
2022/1/13,114.0915
2022/1/14,114.0898
2022/1/17,114.1176
2022/1/18,114.2218
2022/1/19,114.3325
2022/1/20,114.3527
2022/1/21,114.4054
2022/1/24,114.4811
2022/1/25,114.477
2022/1/26,114.4109
2022/1/27,114.3962
2022/1/28,114.4033
2022/2/7,114.4131
2022/2/8,114.4194
2022/2/9,114.3956
2022/2/10,114.4109
2022/2/11,114.3133
2022/2/14,114.292
2022/2/15,114.2893
2022/2/16,114.2953
2022/2/17,114.3144
2022/2/18,114.3108
2022/2/21,114.2582
2022/2/22,114.196
2022/2/23,114.1875
2022/2/24,114.1957
2022/2/25,114.202
2022/2/28,114.2452
2022/3/1,114.2362
2022/3/2,114.194
2022/3/3,114.1387
2022/3/4,114.1258
2022/3/7,114.1297
2022/3/8,114.1763
2022/3/9,114.148
2022/3/10,114.1323
2022/3/11,114.122
2022/3/14,114.2168
2022/3/15,114.1481
2022/3/16,114.0669
2022/3/17,114.071
2022/3/18,114.0935
2022/3/21,114.0877
2022/3/22,114.0351
2022/3/23,114.0132
2022/3/24,114.0111
2022/3/25,114.02
2022/3/28,114.0147
2022/3/29,113.9947
2022/3/30,114.0085
2022/3/31,114.0248
2022/4/1,114.0685
2022/4/6,114.1131
2022/4/7,114.1376
2022/4/8,114.1367
2022/4/11,114.101
2022/4/12,114.0684
2022/4/13,114.0712
2022/4/14,114.1216
2022/4/15,114.1473
2022/4/18,114.1123
2022/4/19,114.0994
2022/4/20,114.0674
2022/4/21,114.0753
2022/4/22,114.0809
2022/4/25,114.0994
2022/4/26,114.1232
2022/4/27,114.0951
2022/4/28,114.0448
2022/4/29,114.0339
2022/5/5,114.038
2022/5/6,114.032
2022/5/9,114.0403
2022/5/10,114.0798
2022/5/11,114.0765
2022/5/12,114.0859
2022/5/13,114.1093
2022/5/16,114.1128
2022/5/17,114.1581
2022/5/18,114.2026
2022/5/19,114.2163
2022/5/20,114.1754
2022/5/23,114.1965
2022/5/24,114.2017
2022/5/25,114.1864
2022/5/26,114.2368
2022/5/27,114.2463
2022/5/30,114.2197
2022/5/31,114.1643
2022/6/1,114.1434
2022/6/2,114.1211
2022/6/6,114.08
2022/6/7,114.0615
2022/6/8,114.079
2022/6/9,114.0928
2022/6/10,114.1047
2022/6/13,114.0912
2022/6/14,114.0779
2022/6/15,114.0688
2022/6/16,114.0729
2022/6/17,114.0897
2022/6/20,114.0736
2022/6/21,114.0558
2022/6/22,114.0647
2022/6/23,114.0782
2022/6/24,114.0638
2022/6/27,113.9742
2022/6/28,113.9441
2022/6/29,113.9573
2022/6/30,113.9901
2022/7/1,114.015
2022/7/4,113.9538
2022/7/5,113.9044
2022/7/6,113.9131
2022/7/7,113.9131
2022/7/8,113.9167
2022/7/11,113.9514
2022/7/12,114.0001
2022/7/13,114.0274
2022/7/14,114.0618
2022/7/15,114.0815
2022/7/18,114.1034
2022/7/19,114.1113
2022/7/20,114.1233
2022/7/21,114.1472
2022/7/22,114.134
2022/7/25,114.1466
2022/7/26,114.1941
2022/7/27,114.2246
2022/7/28,114.1933
2022/7/29,114.223
2022/8/1,114.3
2022/8/2,114.3511
2022/8/3,114.3795
2022/8/4,114.4375
2022/8/5,114.4174
2022/8/8,114.3869
2022/8/9,114.3234
2022/8/10,114.2903
2022/8/11,114.2488
2022/8/12,114.2473
2022/8/15,114.391
2022/8/16,114.4604
2022/8/17,114.4212
2022/8/18,114.4589
2022/8/19,114.4578
2022/8/22,114.4301
2022/8/23,114.3804
2022/8/24,114.3824
2022/8/25,114.3387
2022/8/26,114.3163
2022/8/29,114.3574
2022/8/30,114.4094
2022/8/31,114.4248
2022/9/1,114.442
2022/9/2,114.4662
2022/9/5,114.4978
2022/9/6,114.4975
2022/9/7,114.4929
2022/9/8,114.4855
2022/9/9,114.481
2022/9/13,114.4527
2022/9/14,114.4322
2022/9/15,114.4256
2022/9/16,114.379
2022/9/19,114.349
2022/9/20,114.353
2022/9/21,114.3677
2022/9/22,114.3735
2022/9/23,114.3567
2022/9/26,114.3059
2022/9/27,114.2637
2022/9/28,114.2373
2022/9/29,114.2123
2022/9/30,114.178
2022/10/10,114.2848
2022/10/11,114.2963
2022/10/12,114.2813
2022/10/13,114.2966
2022/10/14,114.3156
2022/10/17,114.3297
2022/10/18,114.3284
2022/10/19,114.3418
2022/10/20,114.3443
2022/10/21,114.3298
2022/10/24,114.3238
2022/10/25,114.3054
2022/10/26,114.3145
2022/10/27,114.3487
2022/10/28,114.3691
2022/10/31,114.3987
2022/11/1,114.3669
2022/11/2,114.3371
2022/11/3,114.348
2022/11/4,114.3159
2022/11/7,114.3002
2022/11/8,114.2585
2022/11/9,114.2279
2022/11/10,114.2014
2022/11/11,114.1554
2022/11/14,113.8547
2022/11/15,113.7953
2022/11/16,113.7279
2022/11/17,113.7111
2022/11/18,113.7661
2022/11/21,113.7978
2022/11/22,113.8116
2022/11/23,113.8762
2022/11/24,113.9622
2022/11/25,113.8905
2022/11/28,113.8564
2022/11/29,113.7626
2022/11/30,113.7454
2022/12/1,113.7453
2022/12/2,113.7605
2022/12/5,113.7482
2022/12/6,113.6973
2022/12/7,113.6289
2022/12/8,113.6268
2022/12/9,113.5825
2022/12/12,113.548
2022/12/13,113.4547
2022/12/14,113.5039
2022/12/15,113.5283
2022/12/16,113.5104
2022/12/19,113.5607
2022/12/20,113.5669
2022/12/21,113.5628
2022/12/22,113.5872
2022/12/23,113.6304
2022/12/26,113.6307
2022/12/27,113.5926
2022/12/28,113.5832
2022/12/29,113.665
2022/12/30,113.7182
2023/1/3,113.7333
2023/1/4,113.7694
2023/1/5,113.7794
2023/1/6,113.7265
2023/1/9,113.7081
2023/1/10,113.6648
2023/1/11,113.6363
2023/1/12,113.6829
2023/1/13,113.6697
2023/1/16,113.6192
2023/1/17,113.5989
2023/1/18,113.6069
2023/1/19,113.5845
2023/1/20,113.5942
2023/1/30,113.5892
2023/1/31,113.596
2023/2/1,113.5948
2023/2/2,113.5945
2023/2/3,113.6191
2023/2/6,113.6114
2023/2/7,113.5943
2023/2/8,113.5919
2023/2/9,113.5896
2023/2/10,113.6059
2023/2/13,113.5929
2023/2/14,113.5929
2023/2/15,113.5814
2023/2/16,113.5796
2023/2/17,113.5635
2023/2/20,113.532
2023/2/21,113.481
2023/2/22,113.4815
2023/2/23,113.4732
2023/2/24,113.4548
2023/2/27,113.4394
2023/2/28,113.4375
2023/3/1,113.4433
2023/3/2,113.4473
2023/3/3,113.4383
2023/3/6,113.4761
2023/3/7,113.4935
2023/3/8,113.4974
2023/3/9,113.4989
2023/3/10,113.5106
2023/3/13,113.5117
2023/3/14,113.5086
2023/3/15,113.5034
2023/3/16,113.51
2023/3/17,113.5114
2023/3/20,113.5497
2023/3/21,113.5574
2023/3/22,113.5308
2023/3/23,113.5282
2023/3/24,113.5099
2023/3/27,113.516
2023/3/28,113.5136
2023/3/29,113.5099
2023/3/30,113.52
2023/3/31,113.5264
2023/4/3,113.5392
2023/4/4,113.5329
2023/4/6,113.5252
2023/4/7,113.5203
2023/4/10,113.5324
2023/4/11,113.551
2023/4/12,113.5565
2023/4/13,113.5561
2023/4/14,113.5507
2023/4/17,113.5328
2023/4/18,113.5387
2023/4/19,113.5506
2023/4/20,113.5529
2023/4/21,113.5509
2023/4/24,113.5549
2023/4/25,113.56
2023/4/26,113.5718
2023/4/27,113.6132
2023/4/28,113.6269
2023/5/4,113.6568
2023/5/5,113.7016
2023/5/8,113.7036
2023/5/9,113.7062
2023/5/10,113.7434
2023/5/11,113.8076
2023/5/12,113.8064
2023/5/15,113.7942
2023/5/16,113.7713
2023/5/17,113.7585
2023/5/18,113.7385
2023/5/19,113.7615
2023/5/22,113.8039
2023/5/23,113.8735
2023/5/24,113.8666
2023/5/25,113.8469
2023/5/26,113.8396
2023/5/29,113.8456
2023/5/30,113.8822
2023/5/31,113.9116
2023/6/1,113.9615
2023/6/2,113.955
2023/6/5,113.9554
2023/6/6,114.0047
2023/6/7,114.0404
2023/6/8,114.0174
2023/6/9,114.0186
2023/6/12,114.0238
2023/6/13,114.0427
2023/6/14,114.0733
2023/6/15,114.019
2023/6/16,113.9501
2023/6/19,113.8833
2023/6/20,113.888
2023/6/21,113.9101
2023/6/26,113.9184
2023/6/27,113.8943
2023/6/28,113.9046
2023/6/29,113.9179
2023/6/30,113.9768
2023/7/3,114.0092
2023/7/4,114.0133
2023/7/5,114.0207
2023/7/6,114.0276
2023/7/7,114.0368
2023/7/10,114.0315
2023/7/11,114.0369
2023/7/12,114.0225
2023/7/13,114.0165
2023/7/14,114.0073
2023/7/17,114.0304
2023/7/18,114.0641
2023/7/19,114.077
2023/7/20,114.0819
2023/7/21,114.1051
2023/7/24,114.1141
2023/7/25,114.0314
2023/7/26,114.0166
2023/7/27,114.0542
2023/7/28,114.0416
2023/7/31,114.0159
2023/8/1,114.0376
2023/8/2,114.0507
2023/8/3,114.0741
2023/8/4,114.0816
2023/8/7,114.0726
2023/8/8,114.0663
2023/8/9,114.063
2023/8/10,114.0448
2023/8/11,114.0356
2023/8/14,114.0554
2023/8/15,114.0983
2023/8/16,114.1034
2023/8/17,114.0937
2023/8/18,114.0973
2023/8/21,114.1121
2023/8/22,114.0944
2023/8/23,114.0782
2023/8/24,114.0812
2023/8/25,114.0553
2023/8/28,113.9718
2023/8/29,113.9339
2023/8/30,113.9517
2023/8/31,114.0057
2023/9/1,113.9669
2023/9/4,113.8945
2023/9/5,113.8958
2023/9/6,113.8409
2023/9/7,113.7609
2023/9/8,113.7363
2023/9/11,113.695
2023/9/12,113.718
2023/9/13,113.7514
2023/9/14,113.7546
2023/9/15,113.7399
2023/9/18,113.6703
2023/9/19,113.6394
2023/9/20,113.6222
2023/9/21,113.6393
2023/9/22,113.6405
2023/9/25,113.6087
2023/9/26,113.555
2023/9/27,113.5437
2023/9/28,113.6182
2023/10/9,113.6313
2023/10/10,113.5599
2023/10/11,113.4835
2023/10/12,113.4624
2023/10/13,113.5087
2023/10/16,113.5126
2023/10/17,113.4715
2023/10/18,113.4382
2023/10/19,113.3757
2023/10/20,113.358
2023/10/23,113.4275
2023/10/24,113.4004
2023/10/25,113.4674
2023/10/26,113.5104
2023/10/27,113.4886
2023/10/30,113.5214
2023/10/31,113.5531
2023/11/1,113.5364
2023/11/2,113.559
2023/11/3,113.5594
2023/11/6,113.5462
2023/11/7,113.5256
2023/11/8,113.5072
2023/11/9,113.5185
2023/11/10,113.5114
2023/11/13,113.5263
2023/11/14,113.523
2023/11/15,113.5357
2023/11/16,113.565
2023/11/17,113.5508
2023/11/20,113.5337
2023/11/21,113.4919
2023/11/22,113.4426
2023/11/23,113.3766
2023/11/24,113.3642
2023/11/27,113.3171
2023/11/28,113.3165
2023/11/29,113.33
2023/11/30,113.3491
2023/12/1,113.338
2023/12/4,113.3184
2023/12/5,113.2907
2023/12/6,113.276
2023/12/7,113.2727
2023/12/8,113.2969
2023/12/11,113.3162
2023/12/12,113.3128
2023/12/13,113.3599
2023/12/14,113.3945
2023/12/15,113.4425
2023/12/18,113.4719
2023/12/19,113.4519
2023/12/20,113.4369
2023/12/21,113.4378
2023/12/22,113.4846
2023/12/25,113.5233
2023/12/26,113.5951
2023/12/27,113.6648
2023/12/28,113.7083
2023/12/29,113.6998
2024/1/2,113.6722
2024/1/3,113.6187
2024/1/4,113.6327
2024/1/5,113.6599
2024/1/8,113.6594
2024/1/9,113.6816
2024/1/10,113.6716
2024/1/11,113.6669
2024/1/12,113.662
2024/1/15,113.6582
2024/1/16,113.6377
2024/1/17,113.6436
2024/1/18,113.6634
2024/1/19,113.6794
2024/1/22,113.6883
2024/1/23,113.6791
2024/1/24,113.6916
2024/1/25,113.7728
2024/1/26,113.7874
2024/1/29,113.8225
2024/1/30,113.8999
2024/1/31,113.9157
2024/2/1,113.8847
2024/2/2,113.875
2024/2/5,113.8993
2024/2/6,113.8466
2024/2/7,113.8501
2024/2/8,113.8758
2024/2/19,113.869
2024/2/20,113.8996
2024/2/21,113.923
2024/2/22,113.9719
2024/2/23,114.0209
2024/2/26,114.0035
2024/2/27,114.0102
2024/2/28,114.0058
2024/2/29,114.0337
2024/3/1,113.9827
2024/3/4,113.9833
2024/3/5,113.9982
2024/3/6,114.0491
2024/3/7,114.0422
2024/3/8,114.0471
2024/3/11,114.0334
2024/3/12,113.9758
